state,quarter,submitted_numerator,submitted_denominator,submitted_rate,validated_numerator,validated_denominator,validated_rate,difference_pp,status,fixture_explanation
KS,2023-Q1,26,34,76.47,26,34,76.47058823529412,-0.0005882352941171121,Pass,none
KS,2023-Q2,103,147,70.07,103,147,70.06802721088435,0.001972789115640694,Pass,none
KS,2023-Q3,167,228,73.25,167,228,73.24561403508771,0.004385964912287932,Pass,none
KS,2023-Q4,212,292,72.6,212,292,72.6027397260274,-0.0027397260274000246,Pass,none
KS,2024-Q1,279,392,71.17,279,392,71.1734693877551,-0.0034693877551035257,Pass,none
KS,2024-Q2,349,457,76.37,349,457,76.36761487964989,0.002385120350112402,Pass,none
KS,2024-Q3,373,504,74.01,373,504,74.0079365079365,0.002063492063498984,Pass,none
KS,2024-Q4,393,517,76.02,393,517,76.01547388781431,0.00452611218568677,Pass,none
KS,2025-Q1,405,462,87.66,405,504,80.35714285714286,7.302857142857135,Review,omitted eligible child-months
KS,2025-Q2,369,468,78.85,369,468,78.84615384615384,0.0038461538461547207,Pass,none
KS,2025-Q3,358,449,79.73,358,449,79.73273942093542,-0.002739420935412795,Pass,none
KS,2025-Q4,322,409,78.73,322,409,78.72860635696821,0.001393643031789793,Pass,none
MI,2023-Q1,22,33,66.67,22,33,66.66666666666666,0.0033333333333445125,Pass,none
MI,2023-Q2,115,147,78.23,115,147,78.2312925170068,-0.0012925170068029956,Pass,none
MI,2023-Q3,174,220,79.09,171,220,77.72727272727272,1.362727272727284,Review,counted multiple visits for the same child-month
MI,2023-Q4,214,292,73.29,214,292,73.28767123287672,0.0023287671232878893,Pass,none
MI,2024-Q1,281,348,80.75,281,348,80.74712643678161,0.002873563218386721,Pass,none
MI,2024-Q2,357,431,82.83,357,431,82.830626450116,-0.0006264501160018199,Pass,none
MI,2024-Q3,364,449,81.07,364,449,81.06904231625836,0.000957683741631854,Pass,none
MI,2024-Q4,338,441,76.64,338,441,76.64399092970523,-0.003990929705224744,Pass,none
MI,2025-Q1,376,418,89.95,376,456,82.45614035087719,7.493859649122811,Review,omitted eligible child-months
MI,2025-Q2,378,466,81.12,378,466,81.11587982832617,0.004120171673832829,Pass,none
MI,2025-Q3,362,428,84.58,362,428,84.57943925233646,0.0005607476635418607,Pass,none
MI,2025-Q4,326,390,83.59,326,390,83.58974358974359,0.0002564102564122095,Pass,none
NM,2023-Q1,35,52,67.31,35,52,67.3076923076923,0.0023076923076956746,Pass,none
NM,2023-Q2,125,194,64.43,125,194,64.43298969072166,-0.0029896907216482305,Pass,none
NM,2023-Q3,188,271,69.37,188,271,69.37269372693727,-0.0026937269372666606,Pass,none
NM,2023-Q4,245,332,73.8,245,332,73.79518072289156,0.004819277108438769,Pass,none
NM,2024-Q1,276,383,72.06,276,383,72.0626631853786,-0.002663185378594335,Pass,none
NM,2024-Q2,326,442,73.76,326,442,73.7556561085973,0.0043438914027120745,Pass,none
NM,2024-Q3,339,474,71.52,339,474,71.51898734177216,0.0010126582278360274,Pass,none
NM,2024-Q4,350,484,72.31,350,484,72.31404958677686,-0.004049586776858405,Pass,none
NM,2025-Q1,345,459,75.16,342,459,74.50980392156863,0.6501960784313638,Review,counted multiple visits for the same child-month
NM,2025-Q2,354,470,75.32,354,470,75.31914893617021,0.0008510638297849482,Pass,none
NM,2025-Q3,355,473,75.05,355,473,75.05285412262155,-0.0028541226215565985,Pass,none
NM,2025-Q4,339,437,77.57,339,437,77.57437070938215,-0.004370709382158111,Pass,none
TX,2023-Q1,42,48,87.5,42,48,87.5,0.0,Pass,none
TX,2023-Q2,120,166,72.29,120,166,72.28915662650603,0.0008433734939785609,Pass,none
TX,2023-Q3,208,271,76.75,208,271,76.75276752767527,-0.0027675276752745503,Pass,none
TX,2023-Q4,273,361,75.62,273,361,75.62326869806094,-0.0032686980609355487,Pass,none
TX,2024-Q1,329,417,78.9,329,417,78.8968824940048,0.0031175059952062156,Pass,none
TX,2024-Q2,368,459,80.17,368,459,80.17429193899783,-0.004291938997823763,Pass,none
TX,2024-Q3,393,489,81.37,393,489,80.3680981595092,1.0019018404908024,Review,reported rate does not match submitted counts
TX,2024-Q4,394,513,76.8,394,513,76.80311890838206,-0.0031189083820635233,Pass,none
TX,2025-Q1,415,508,81.69,415,508,81.69291338582677,-0.0029133858267726964,Pass,none
TX,2025-Q2,404,497,81.29,404,497,81.28772635814889,0.0022736418511186685,Pass,none
TX,2025-Q3,391,481,81.29,391,481,81.28898128898129,0.0010187110187160897,Pass,none
TX,2025-Q4,349,434,80.41,349,434,80.4147465437788,-0.004746543778807677,Pass,none
