episode_id,child_id,entry_date,exit_date,exit_reason
E-DEMO-KS-0002,DEMO-KS-0002,2025-05-04,,
E-DEMO-KS-0003,DEMO-KS-0003,2024-02-18,,
E-DEMO-KS-0004,DEMO-KS-0004,2023-04-01,2023-12-14,adoption
E-DEMO-KS-0005,DEMO-KS-0005,2024-09-17,2025-10-09,adoption
E-DEMO-KS-0006,DEMO-KS-0006,2024-06-05,2025-09-25,guardianship
E-DEMO-KS-0007,DEMO-KS-0007,2024-02-25,2024-09-07,other
E-DEMO-KS-0008,DEMO-KS-0008,2023-07-07,2024-03-21,other
E-DEMO-KS-0009,DEMO-KS-0009,2024-05-05,2024-06-22,adoption
E-DEMO-KS-0010,DEMO-KS-0010,2024-04-21,2024-07-21,guardianship
E-DEMO-KS-0011,DEMO-KS-0011,2023-01-02,2023-08-05,other
E-DEMO-KS-0012,DEMO-KS-0012,2025-07-08,,
E-DEMO-KS-0013,DEMO-KS-0013,2023-11-19,2024-07-01,adoption
E-DEMO-KS-0014,DEMO-KS-0014,2024-03-21,2025-12-16,other
E-DEMO-KS-0015,DEMO-KS-0015,2025-06-07,,
E-DEMO-KS-0016,DEMO-KS-0016,2023-01-27,2023-05-29,other
E-DEMO-KS-0017,DEMO-KS-0017,2023-07-12,2024-08-15,reunification
E-DEMO-KS-0018,DEMO-KS-0018,2024-12-29,,
E-DEMO-KS-0019,DEMO-KS-0019,2023-02-24,2024-12-19,other
E-DEMO-KS-0020,DEMO-KS-0020,2023-04-23,2023-07-12,adoption
E-DEMO-KS-0021,DEMO-KS-0021,2023-12-16,2025-10-16,reunification
E-DEMO-KS-0022,DEMO-KS-0022,2025-06-06,,
E-DEMO-KS-0023,DEMO-KS-0023,2023-12-04,2024-10-21,reunification
E-DEMO-KS-0024,DEMO-KS-0024,2025-08-06,2025-11-19,guardianship
E-DEMO-KS-0025,DEMO-KS-0025,2024-02-24,2024-10-17,reunification
E-DEMO-KS-0026,DEMO-KS-0026,2023-02-09,2025-04-12,reunification
E-DEMO-KS-0027,DEMO-KS-0027,2023-08-13,2025-09-10,reunification
E-DEMO-KS-0028,DEMO-KS-0028,2024-08-20,2024-10-30,reunification
E-DEMO-KS-0029,DEMO-KS-0029,2025-05-05,,
E-DEMO-KS-0030,DEMO-KS-0030,2023-05-01,2024-07-14,adoption
E-DEMO-KS-0031,DEMO-KS-0031,2024-02-27,2025-05-09,adoption
E-DEMO-KS-0032,DEMO-KS-0032,2023-07-29,2024-12-31,reunification
E-DEMO-KS-0033,DEMO-KS-0033,2025-07-26,,
E-DEMO-KS-0034,DEMO-KS-0034,2023-04-27,2024-11-23,other
E-DEMO-KS-0035,DEMO-KS-0035,2024-02-04,2024-07-12,adoption
E-DEMO-KS-0036,DEMO-KS-0036,2025-08-22,,
E-DEMO-KS-0037,DEMO-KS-0037,2024-08-27,,
E-DEMO-KS-0038,DEMO-KS-0038,2024-10-28,,
E-DEMO-KS-0039,DEMO-KS-0039,2024-11-09,,
E-DEMO-KS-0040,DEMO-KS-0040,2024-03-04,2024-08-27,other
E-DEMO-KS-0041,DEMO-KS-0041,2025-07-07,,
E-DEMO-KS-0042,DEMO-KS-0042,2024-08-28,,
E-DEMO-KS-0043,DEMO-KS-0043,2023-01-17,2024-11-29,guardianship
E-DEMO-KS-0044,DEMO-KS-0044,2023-07-26,2025-04-29,adoption
E-DEMO-KS-0045,DEMO-KS-0045,2025-07-06,,
E-DEMO-KS-0046,DEMO-KS-0046,2023-12-24,2025-07-18,adoption
E-DEMO-KS-0047,DEMO-KS-0047,2023-11-07,2024-11-27,guardianship
E-DEMO-KS-0048,DEMO-KS-0048,2023-12-07,2024-03-31,reunification
E-DEMO-KS-0049,DEMO-KS-0049,2023-03-10,2024-05-26,guardianship
E-DEMO-KS-0050,DEMO-KS-0050,2024-02-23,2024-09-19,adoption
E-DEMO-KS-0051,DEMO-KS-0051,2024-08-11,,
E-DEMO-KS-0052,DEMO-KS-0052,2023-11-10,2025-09-18,guardianship
E-DEMO-KS-0053,DEMO-KS-0053,2023-07-19,2023-11-24,other
E-DEMO-KS-0054,DEMO-KS-0054,2023-06-15,2024-09-13,reunification
E-DEMO-KS-0055,DEMO-KS-0055,2023-01-28,2023-05-23,adoption
E-DEMO-KS-0056,DEMO-KS-0056,2023-05-13,2024-01-26,reunification
E-DEMO-KS-0057,DEMO-KS-0057,2023-07-27,2024-06-10,reunification
E-DEMO-KS-0058,DEMO-KS-0058,2024-12-05,,
E-DEMO-KS-0059,DEMO-KS-0059,2024-07-25,2024-11-25,guardianship
E-DEMO-KS-0060,DEMO-KS-0060,2025-03-30,,
E-DEMO-KS-0061,DEMO-KS-0061,2025-07-30,2025-12-25,reunification
E-DEMO-KS-0062,DEMO-KS-0062,2023-03-28,2024-05-10,reunification
E-DEMO-KS-0063,DEMO-KS-0063,2025-01-22,,
E-DEMO-KS-0064,DEMO-KS-0064,2024-04-16,2025-11-19,other
E-DEMO-KS-0065,DEMO-KS-0065,2024-06-08,2025-02-17,other
E-DEMO-KS-0066,DEMO-KS-0066,2024-07-11,2025-08-23,other
E-DEMO-KS-0067,DEMO-KS-0067,2024-03-17,2025-02-11,other
E-DEMO-KS-0068,DEMO-KS-0068,2024-08-31,2025-11-30,adoption
E-DEMO-KS-0069,DEMO-KS-0069,2024-10-24,2025-08-09,guardianship
E-DEMO-KS-0070,DEMO-KS-0070,2023-10-06,2024-07-02,other
E-DEMO-KS-0071,DEMO-KS-0071,2023-08-27,2025-03-17,guardianship
E-DEMO-KS-0072,DEMO-KS-0072,2025-08-16,,
E-DEMO-KS-0073,DEMO-KS-0073,2023-12-24,2025-09-24,adoption
E-DEMO-KS-0074,DEMO-KS-0074,2025-09-06,,
E-DEMO-KS-0075,DEMO-KS-0075,2024-11-20,2025-05-15,guardianship
E-DEMO-KS-0076,DEMO-KS-0076,2023-12-28,2025-06-04,guardianship
E-DEMO-KS-0077,DEMO-KS-0077,2025-01-29,,
E-DEMO-KS-0078,DEMO-KS-0078,2023-07-20,2023-11-04,guardianship
E-DEMO-KS-0079,DEMO-KS-0079,2025-07-14,2025-09-26,guardianship
E-DEMO-KS-0080,DEMO-KS-0080,2024-12-12,,
E-DEMO-KS-0081,DEMO-KS-0081,2024-05-26,,
E-DEMO-KS-0082,DEMO-KS-0082,2024-10-10,,
E-DEMO-KS-0083,DEMO-KS-0083,2025-03-09,,
E-DEMO-KS-0084,DEMO-KS-0084,2024-09-26,2025-09-10,adoption
E-DEMO-KS-0085,DEMO-KS-0085,2023-04-15,2024-11-02,guardianship
E-DEMO-KS-0086,DEMO-KS-0086,2025-01-08,,
E-DEMO-KS-0087,DEMO-KS-0087,2024-04-26,,
E-DEMO-KS-0088,DEMO-KS-0088,2024-04-29,,
E-DEMO-KS-0089,DEMO-KS-0089,2023-06-09,2024-03-18,reunification
E-DEMO-KS-0090,DEMO-KS-0090,2023-10-18,2024-07-22,other
E-DEMO-KS-0091,DEMO-KS-0091,2024-01-21,2025-10-09,guardianship
E-DEMO-KS-0092,DEMO-KS-0092,2024-02-16,2025-04-29,other
E-DEMO-KS-0093,DEMO-KS-0093,2023-04-23,2025-04-03,adoption
E-DEMO-KS-0094,DEMO-KS-0094,2023-04-25,2025-06-06,other
E-DEMO-KS-0095,DEMO-KS-0095,2024-04-10,2025-02-21,other
E-DEMO-KS-0096,DEMO-KS-0096,2024-05-31,2025-11-21,reunification
E-DEMO-KS-0097,DEMO-KS-0097,2024-11-26,2025-12-23,adoption
E-DEMO-KS-0098,DEMO-KS-0098,2024-12-21,2025-02-11,other
E-DEMO-KS-0099,DEMO-KS-0099,2024-04-09,2025-12-27,other
E-DEMO-KS-0100,DEMO-KS-0100,2025-02-04,,
E-DEMO-KS-0101,DEMO-KS-0101,2023-04-17,2025-07-26,adoption
E-DEMO-KS-0102,DEMO-KS-0102,2025-05-24,,
E-DEMO-KS-0103,DEMO-KS-0103,2023-12-05,2025-10-20,other
E-DEMO-KS-0104,DEMO-KS-0104,2024-08-07,2025-05-02,other
E-DEMO-KS-0105,DEMO-KS-0105,2024-07-17,2024-11-07,reunification
E-DEMO-KS-0106,DEMO-KS-0106,2025-04-05,,
E-DEMO-KS-0107,DEMO-KS-0107,2023-02-14,2024-02-06,reunification
E-DEMO-KS-0108,DEMO-KS-0108,2024-03-26,2024-08-23,guardianship
E-DEMO-KS-0109,DEMO-KS-0109,2024-06-13,,
E-DEMO-KS-0110,DEMO-KS-0110,2023-07-30,2025-08-22,guardianship
E-DEMO-KS-0111,DEMO-KS-0111,2025-06-26,,
E-DEMO-KS-0112,DEMO-KS-0112,2023-06-22,2025-04-15,guardianship
E-DEMO-KS-0113,DEMO-KS-0113,2024-05-17,,
E-DEMO-KS-0114,DEMO-KS-0114,2024-05-11,,
E-DEMO-KS-0115,DEMO-KS-0115,2025-06-11,2025-08-18,guardianship
E-DEMO-KS-0116,DEMO-KS-0116,2025-01-16,,
E-DEMO-KS-0117,DEMO-KS-0117,2024-03-13,2024-05-16,other
E-DEMO-KS-0118,DEMO-KS-0118,2024-04-06,2025-06-22,guardianship
E-DEMO-KS-0119,DEMO-KS-0119,2024-02-12,,
E-DEMO-KS-0120,DEMO-KS-0120,2024-10-24,,
E-DEMO-KS-0121,DEMO-KS-0121,2023-11-25,2024-07-12,other
E-DEMO-KS-0122,DEMO-KS-0122,2023-01-18,2025-05-06,other
E-DEMO-KS-0123,DEMO-KS-0123,2023-09-21,2024-12-11,adoption
E-DEMO-KS-0124,DEMO-KS-0124,2024-10-30,2025-07-07,adoption
E-DEMO-KS-0125,DEMO-KS-0125,2023-02-02,2023-09-10,guardianship
E-DEMO-KS-0126,DEMO-KS-0126,2023-10-10,2024-03-14,guardianship
E-DEMO-KS-0127,DEMO-KS-0127,2024-11-01,,
E-DEMO-KS-0128,DEMO-KS-0128,2024-12-22,2025-05-10,adoption
E-DEMO-KS-0129,DEMO-KS-0129,2024-05-13,,
E-DEMO-KS-0130,DEMO-KS-0130,2025-04-12,2025-06-11,reunification
E-DEMO-KS-0131,DEMO-KS-0131,2025-09-25,,
E-DEMO-KS-0132,DEMO-KS-0132,2024-02-05,,
E-DEMO-KS-0133,DEMO-KS-0133,2023-12-06,2024-06-07,other
E-DEMO-KS-0134,DEMO-KS-0134,2024-07-23,2025-06-05,reunification
E-DEMO-KS-0135,DEMO-KS-0135,2023-09-30,2025-07-04,adoption
E-DEMO-KS-0136,DEMO-KS-0136,2025-09-06,,
E-DEMO-KS-0137,DEMO-KS-0137,2023-03-29,2024-08-21,guardianship
E-DEMO-KS-0138,DEMO-KS-0138,2025-04-19,,
E-DEMO-KS-0139,DEMO-KS-0139,2025-05-03,2025-08-09,reunification
E-DEMO-KS-0140,DEMO-KS-0140,2023-12-06,2025-01-25,adoption
E-DEMO-KS-0141,DEMO-KS-0141,2025-03-08,,
E-DEMO-KS-0142,DEMO-KS-0142,2023-12-08,2025-10-21,adoption
E-DEMO-KS-0143,DEMO-KS-0143,2024-05-12,,
E-DEMO-KS-0144,DEMO-KS-0144,2023-05-18,2025-08-14,guardianship
E-DEMO-KS-0145,DEMO-KS-0145,2024-02-19,2024-05-08,reunification
E-DEMO-KS-0146,DEMO-KS-0146,2024-05-17,2025-12-22,guardianship
E-DEMO-KS-0147,DEMO-KS-0147,2023-11-02,2025-09-06,other
E-DEMO-KS-0148,DEMO-KS-0148,2023-10-17,2025-09-22,adoption
E-DEMO-KS-0149,DEMO-KS-0149,2024-09-28,2025-02-04,adoption
E-DEMO-KS-0150,DEMO-KS-0150,2023-05-14,2024-01-28,adoption
E-DEMO-KS-0151,DEMO-KS-0151,2024-05-17,2025-04-16,adoption
E-DEMO-KS-0152,DEMO-KS-0152,2023-10-09,2025-02-08,other
E-DEMO-KS-0153,DEMO-KS-0153,2024-05-23,2025-01-24,guardianship
E-DEMO-KS-0154,DEMO-KS-0154,2023-04-01,2024-12-19,reunification
E-DEMO-KS-0155,DEMO-KS-0155,2025-07-25,2025-09-21,other
E-DEMO-KS-0156,DEMO-KS-0156,2024-07-26,2025-07-22,other
E-DEMO-KS-0157,DEMO-KS-0157,2023-11-12,2024-06-30,guardianship
E-DEMO-KS-0158,DEMO-KS-0158,2023-11-03,2025-08-18,adoption
E-DEMO-KS-0159,DEMO-KS-0159,2024-11-17,2025-05-23,guardianship
E-DEMO-KS-0160,DEMO-KS-0160,2023-02-10,2023-06-30,reunification
E-DEMO-KS-0161,DEMO-KS-0161,2025-02-10,2025-04-07,guardianship
E-DEMO-KS-0162,DEMO-KS-0162,2024-12-30,,
E-DEMO-KS-0163,DEMO-KS-0163,2023-11-04,2024-10-21,adoption
E-DEMO-KS-0164,DEMO-KS-0164,2025-09-21,,
E-DEMO-KS-0165,DEMO-KS-0165,2025-02-01,,
E-DEMO-KS-0166,DEMO-KS-0166,2024-04-02,2025-07-21,reunification
E-DEMO-KS-0167,DEMO-KS-0167,2023-03-19,2024-04-18,reunification
E-DEMO-KS-0168,DEMO-KS-0168,2024-03-24,2024-11-20,guardianship
E-DEMO-KS-0169,DEMO-KS-0169,2025-07-25,,
E-DEMO-KS-0170,DEMO-KS-0170,2024-01-31,2024-03-18,guardianship
E-DEMO-KS-0171,DEMO-KS-0171,2023-05-08,2024-07-09,adoption
E-DEMO-KS-0172,DEMO-KS-0172,2023-01-03,2025-03-23,adoption
E-DEMO-KS-0173,DEMO-KS-0173,2024-03-07,2025-12-25,other
E-DEMO-KS-0174,DEMO-KS-0174,2024-05-05,,
E-DEMO-KS-0175,DEMO-KS-0175,2023-05-30,2024-05-12,adoption
E-DEMO-KS-0176,DEMO-KS-0176,2024-01-06,2024-04-08,adoption
E-DEMO-KS-0177,DEMO-KS-0177,2025-02-10,,
E-DEMO-KS-0178,DEMO-KS-0178,2023-06-10,2025-01-16,other
E-DEMO-KS-0179,DEMO-KS-0179,2025-09-01,,
E-DEMO-KS-0180,DEMO-KS-0180,2025-05-14,,
E-DEMO-KS-0181,DEMO-KS-0181,2025-02-15,,
E-DEMO-KS-0182,DEMO-KS-0182,2023-09-30,2025-07-24,reunification
E-DEMO-KS-0183,DEMO-KS-0183,2024-02-26,2025-08-09,adoption
E-DEMO-KS-0184,DEMO-KS-0184,2024-03-25,2025-03-01,reunification
E-DEMO-KS-0185,DEMO-KS-0185,2024-10-09,,
E-DEMO-KS-0186,DEMO-KS-0186,2025-06-18,,
E-DEMO-KS-0187,DEMO-KS-0187,2025-09-05,,
E-DEMO-KS-0188,DEMO-KS-0188,2023-05-01,2024-10-10,guardianship
E-DEMO-KS-0189,DEMO-KS-0189,2025-06-20,2025-12-12,reunification
E-DEMO-KS-0190,DEMO-KS-0190,2023-08-28,2024-12-07,reunification
E-DEMO-KS-0191,DEMO-KS-0191,2024-05-14,2024-09-21,other
E-DEMO-KS-0192,DEMO-KS-0192,2024-02-27,2024-09-04,reunification
E-DEMO-KS-0193,DEMO-KS-0193,2024-11-09,2025-06-25,guardianship
E-DEMO-KS-0194,DEMO-KS-0194,2023-03-04,2023-08-05,reunification
E-DEMO-KS-0195,DEMO-KS-0195,2024-05-18,2025-08-19,other
E-DEMO-KS-0196,DEMO-KS-0196,2025-02-11,2025-07-01,other
E-DEMO-KS-0197,DEMO-KS-0197,2024-08-26,2025-04-24,reunification
E-DEMO-KS-0198,DEMO-KS-0198,2023-10-21,2024-03-14,guardianship
E-DEMO-KS-0199,DEMO-KS-0199,2023-12-21,2025-10-06,guardianship
E-DEMO-KS-0200,DEMO-KS-0200,2025-03-08,,
E-DEMO-KS-0201,DEMO-KS-0201,2024-07-20,2025-10-12,guardianship
E-DEMO-KS-0202,DEMO-KS-0202,2023-01-28,2023-09-08,guardianship
E-DEMO-KS-0203,DEMO-KS-0203,2024-10-31,2025-01-07,other
E-DEMO-KS-0204,DEMO-KS-0204,2023-09-30,2024-02-06,guardianship
E-DEMO-KS-0205,DEMO-KS-0205,2024-11-03,2025-01-05,adoption
E-DEMO-KS-0206,DEMO-KS-0206,2024-04-24,2024-09-22,adoption
E-DEMO-KS-0207,DEMO-KS-0207,2023-02-20,2023-06-05,guardianship
E-DEMO-KS-0208,DEMO-KS-0208,2024-01-08,2025-02-13,adoption
E-DEMO-KS-0209,DEMO-KS-0209,2023-06-11,2024-12-04,other
E-DEMO-KS-0210,DEMO-KS-0210,2023-10-01,2024-04-03,reunification
E-DEMO-KS-0211,DEMO-KS-0211,2024-08-26,2025-04-04,guardianship
E-DEMO-KS-0212,DEMO-KS-0212,2024-07-24,2024-11-23,reunification
E-DEMO-KS-0213,DEMO-KS-0213,2023-12-24,2025-02-14,other
E-DEMO-KS-0214,DEMO-KS-0214,2024-06-02,,
E-DEMO-KS-0215,DEMO-KS-0215,2023-07-19,2024-07-28,guardianship
E-DEMO-KS-0216,DEMO-KS-0216,2024-07-31,2025-05-22,other
E-DEMO-KS-0217,DEMO-KS-0217,2024-08-08,,
E-DEMO-KS-0218,DEMO-KS-0218,2024-01-28,,
E-DEMO-KS-0219,DEMO-KS-0219,2023-01-19,2023-07-02,guardianship
E-DEMO-KS-0220,DEMO-KS-0220,2025-04-28,,
E-DEMO-KS-0221,DEMO-KS-0221,2023-12-12,2024-12-06,guardianship
E-DEMO-KS-0222,DEMO-KS-0222,2025-08-03,,
E-DEMO-KS-0223,DEMO-KS-0223,2025-04-07,,
E-DEMO-KS-0224,DEMO-KS-0224,2023-07-11,2024-12-02,reunification
E-DEMO-KS-0225,DEMO-KS-0225,2023-10-23,2025-08-15,adoption
E-DEMO-KS-0226,DEMO-KS-0226,2024-04-14,2024-06-23,adoption
E-DEMO-KS-0227,DEMO-KS-0227,2024-07-29,2025-02-01,adoption
E-DEMO-KS-0228,DEMO-KS-0228,2024-01-01,2024-12-21,adoption
E-DEMO-KS-0229,DEMO-KS-0229,2024-07-30,,
E-DEMO-KS-0230,DEMO-KS-0230,2023-04-17,2025-01-23,other
E-DEMO-KS-0231,DEMO-KS-0231,2023-10-10,2024-04-17,adoption
E-DEMO-KS-0232,DEMO-KS-0232,2025-01-15,,
E-DEMO-KS-0233,DEMO-KS-0233,2024-08-10,2025-06-11,adoption
E-DEMO-KS-0234,DEMO-KS-0234,2023-08-26,2024-12-10,other
E-DEMO-KS-0235,DEMO-KS-0235,2023-02-11,2025-01-04,guardianship
E-DEMO-KS-0236,DEMO-KS-0236,2024-02-29,,
E-DEMO-KS-0237,DEMO-KS-0237,2024-07-10,2025-04-06,guardianship
E-DEMO-KS-0238,DEMO-KS-0238,2024-09-23,2025-03-04,adoption
E-DEMO-KS-0239,DEMO-KS-0239,2023-03-04,2023-05-05,other
E-DEMO-KS-0240,DEMO-KS-0240,2023-11-23,2025-02-22,adoption
E-DEMO-KS-0241,DEMO-KS-0241,2023-04-08,2025-04-16,reunification
E-DEMO-KS-0242,DEMO-KS-0242,2023-06-02,2025-09-18,other
E-DEMO-KS-0243,DEMO-KS-0243,2025-03-21,,
E-DEMO-KS-0244,DEMO-KS-0244,2024-04-25,2024-09-12,guardianship
E-DEMO-KS-0245,DEMO-KS-0245,2023-08-12,2023-10-04,other
E-DEMO-KS-0246,DEMO-KS-0246,2025-01-25,,
E-DEMO-KS-0247,DEMO-KS-0247,2024-03-22,,
E-DEMO-KS-0248,DEMO-KS-0248,2024-12-25,2025-11-09,reunification
E-DEMO-KS-0249,DEMO-KS-0249,2023-02-27,2023-10-20,other
E-DEMO-KS-0250,DEMO-KS-0250,2024-06-29,2025-06-07,reunification
E-DEMO-KS-0251,DEMO-KS-0251,2024-07-17,2025-08-17,guardianship
E-DEMO-KS-0252,DEMO-KS-0252,2023-03-16,2025-06-11,guardianship
E-DEMO-KS-0253,DEMO-KS-0253,2025-07-18,,
E-DEMO-KS-0254,DEMO-KS-0254,2024-08-23,,
E-DEMO-KS-0255,DEMO-KS-0255,2023-05-01,2023-12-21,other
E-DEMO-KS-0256,DEMO-KS-0256,2024-01-23,2025-12-23,reunification
E-DEMO-KS-0257,DEMO-KS-0257,2023-01-15,2024-01-19,guardianship
E-DEMO-KS-0258,DEMO-KS-0258,2023-10-09,2025-02-28,other
E-DEMO-KS-0259,DEMO-KS-0259,2023-06-06,2023-07-27,other
E-DEMO-KS-0260,DEMO-KS-0260,2024-08-12,2025-07-11,other
E-DEMO-KS-0261,DEMO-KS-0261,2025-06-01,,
E-DEMO-KS-0262,DEMO-KS-0262,2025-05-02,2025-09-19,reunification
E-DEMO-KS-0263,DEMO-KS-0263,2023-09-13,,
E-DEMO-KS-0264,DEMO-KS-0264,2023-12-25,2025-02-13,other
E-DEMO-KS-0265,DEMO-KS-0265,2023-09-01,2025-09-19,guardianship
E-DEMO-KS-0266,DEMO-KS-0266,2025-08-06,,
E-DEMO-KS-0267,DEMO-KS-0267,2025-06-30,2025-09-18,guardianship
E-DEMO-KS-0268,DEMO-KS-0268,2023-11-28,2025-03-21,guardianship
E-DEMO-KS-0269,DEMO-KS-0269,2023-03-22,2024-10-18,guardianship
E-DEMO-KS-0270,DEMO-KS-0270,2024-02-06,2024-10-24,reunification
E-DEMO-KS-0271,DEMO-KS-0271,2023-07-21,2025-03-31,reunification
E-DEMO-KS-0272,DEMO-KS-0272,2024-05-22,2024-12-06,other
E-DEMO-KS-0273,DEMO-KS-0273,2025-04-09,2025-08-06,reunification
E-DEMO-KS-0274,DEMO-KS-0274,2023-12-14,2025-06-02,reunification
E-DEMO-KS-0275,DEMO-KS-0275,2023-04-26,2023-12-15,other
E-DEMO-KS-0276,DEMO-KS-0276,2023-05-05,2024-01-18,other
E-DEMO-KS-0277,DEMO-KS-0277,2025-03-22,,
E-DEMO-KS-0278,DEMO-KS-0278,2024-06-29,2024-09-01,guardianship
E-DEMO-KS-0279,DEMO-KS-0279,2025-04-29,,
E-DEMO-KS-0280,DEMO-KS-0280,2025-02-13,,
E-DEMO-KS-0281,DEMO-KS-0281,2023-09-16,2025-09-16,adoption
E-DEMO-KS-0282,DEMO-KS-0282,2023-06-28,2024-05-26,reunification
E-DEMO-KS-0283,DEMO-KS-0283,2025-03-06,2025-11-11,guardianship
E-DEMO-KS-0284,DEMO-KS-0284,2023-01-26,2025-01-13,adoption
E-DEMO-KS-0285,DEMO-KS-0285,2024-10-31,2025-06-23,adoption
E-DEMO-KS-0286,DEMO-KS-0286,2024-05-05,2025-10-24,reunification
E-DEMO-KS-0287,DEMO-KS-0287,2023-12-09,,
E-DEMO-KS-0288,DEMO-KS-0288,2025-04-01,,
E-DEMO-KS-0289,DEMO-KS-0289,2023-05-08,2025-07-24,other
E-DEMO-KS-0290,DEMO-KS-0290,2024-11-01,,
E-DEMO-KS-0291,DEMO-KS-0291,2024-12-11,2025-05-06,other
E-DEMO-KS-0292,DEMO-KS-0292,2023-01-02,2023-10-22,other
E-DEMO-KS-0293,DEMO-KS-0293,2023-06-12,2023-10-17,other
E-DEMO-KS-0294,DEMO-KS-0294,2023-05-13,2023-07-25,guardianship
E-DEMO-KS-0295,DEMO-KS-0295,2024-04-27,2025-01-19,adoption
E-DEMO-KS-0296,DEMO-KS-0296,2024-08-01,,
E-DEMO-KS-0297,DEMO-KS-0297,2024-07-13,,
E-DEMO-KS-0298,DEMO-KS-0298,2023-12-21,2025-12-02,guardianship
E-DEMO-KS-0299,DEMO-KS-0299,2024-06-16,2025-08-18,reunification
E-DEMO-KS-0300,DEMO-KS-0300,2023-12-13,2025-10-04,adoption
E-DEMO-KS-0301,DEMO-KS-0301,2024-08-10,2025-03-01,other
E-DEMO-KS-0302,DEMO-KS-0302,2025-09-04,,
E-DEMO-KS-0303,DEMO-KS-0303,2024-11-26,2025-07-26,guardianship
E-DEMO-KS-0304,DEMO-KS-0304,2025-05-08,,
E-DEMO-KS-0305,DEMO-KS-0305,2024-08-06,2025-06-27,other
E-DEMO-KS-0306,DEMO-KS-0306,2023-03-11,2025-05-16,guardianship
E-DEMO-KS-0307,DEMO-KS-0307,2025-01-06,,
E-DEMO-KS-0308,DEMO-KS-0308,2024-05-27,2025-07-17,guardianship
E-DEMO-KS-0309,DEMO-KS-0309,2023-10-11,2025-06-29,other
E-DEMO-KS-0310,DEMO-KS-0310,2023-11-29,2024-01-28,reunification
E-DEMO-KS-0311,DEMO-KS-0311,2024-09-23,,
E-DEMO-KS-0312,DEMO-KS-0312,2024-10-29,,
E-DEMO-KS-0313,DEMO-KS-0313,2025-09-10,,
E-DEMO-KS-0314,DEMO-KS-0314,2024-05-04,2025-08-10,adoption
E-DEMO-KS-0315,DEMO-KS-0315,2023-09-30,2024-10-06,reunification
E-DEMO-KS-0316,DEMO-KS-0316,2025-04-19,2025-06-06,guardianship
E-DEMO-KS-0317,DEMO-KS-0317,2025-04-24,,
E-DEMO-KS-0318,DEMO-KS-0318,2024-11-22,2025-10-31,other
E-DEMO-KS-0319,DEMO-KS-0319,2024-01-04,2024-08-19,adoption
E-DEMO-KS-0320,DEMO-KS-0320,2025-09-01,,
E-DEMO-KS-0321,DEMO-KS-0321,2024-10-05,2025-03-01,reunification
E-DEMO-KS-0322,DEMO-KS-0322,2023-03-15,2024-11-03,other
E-DEMO-KS-0323,DEMO-KS-0323,2023-05-15,2025-08-15,guardianship
E-DEMO-KS-0324,DEMO-KS-0324,2023-08-17,2025-12-10,other
E-DEMO-KS-0325,DEMO-KS-0325,2023-04-15,2025-05-21,guardianship
E-DEMO-KS-0326,DEMO-KS-0326,2023-01-22,2025-04-19,adoption
E-DEMO-KS-0327,DEMO-KS-0327,2024-01-27,2024-06-22,reunification
E-DEMO-KS-0328,DEMO-KS-0328,2025-07-28,,
E-DEMO-KS-0329,DEMO-KS-0329,2023-11-30,2024-07-26,adoption
E-DEMO-KS-0330,DEMO-KS-0330,2025-03-19,,
E-DEMO-KS-0331,DEMO-KS-0331,2023-03-23,2024-05-29,guardianship
E-DEMO-KS-0332,DEMO-KS-0332,2025-01-16,,
E-DEMO-KS-0333,DEMO-KS-0333,2025-06-02,,
E-DEMO-KS-0334,DEMO-KS-0334,2025-06-26,,
E-DEMO-KS-0335,DEMO-KS-0335,2023-07-27,2024-09-13,guardianship
E-DEMO-KS-0336,DEMO-KS-0336,2024-12-23,,
E-DEMO-KS-0337,DEMO-KS-0337,2025-07-28,,
E-DEMO-KS-0338,DEMO-KS-0338,2024-05-01,2025-06-17,guardianship
E-DEMO-KS-0339,DEMO-KS-0339,2023-06-02,2023-11-18,guardianship
E-DEMO-KS-0340,DEMO-KS-0340,2024-12-08,,
E-DEMO-KS-0341,DEMO-KS-0341,2023-02-11,2023-11-26,guardianship
E-DEMO-KS-0342,DEMO-KS-0342,2023-03-13,2024-05-03,adoption
E-DEMO-KS-0343,DEMO-KS-0343,2025-05-05,,
E-DEMO-KS-0344,DEMO-KS-0344,2023-05-15,2024-07-09,guardianship
E-DEMO-KS-0345,DEMO-KS-0345,2023-12-24,2025-12-07,reunification
E-DEMO-KS-0346,DEMO-KS-0346,2025-08-28,,
E-DEMO-KS-0347,DEMO-KS-0347,2023-06-26,2023-08-31,adoption
E-DEMO-KS-0348,DEMO-KS-0348,2023-12-29,2024-11-15,guardianship
E-DEMO-KS-0349,DEMO-KS-0349,2024-01-29,2024-09-26,other
E-DEMO-KS-0350,DEMO-KS-0350,2024-06-19,,
E-DEMO-KS-0351,DEMO-KS-0351,2023-06-02,2023-12-01,reunification
E-DEMO-KS-0352,DEMO-KS-0352,2023-10-12,2024-03-21,adoption
E-DEMO-KS-0353,DEMO-KS-0353,2025-08-26,,
E-DEMO-KS-0354,DEMO-KS-0354,2025-09-12,,
E-DEMO-KS-0355,DEMO-KS-0355,2024-11-20,,
E-DEMO-KS-0356,DEMO-KS-0356,2024-10-10,2025-12-31,adoption
E-DEMO-KS-0357,DEMO-KS-0357,2024-11-23,2025-02-20,guardianship
E-DEMO-KS-0358,DEMO-KS-0358,2023-08-04,2024-08-16,guardianship
E-DEMO-KS-0359,DEMO-KS-0359,2023-05-02,2023-06-19,reunification
E-DEMO-KS-0360,DEMO-KS-0360,2023-03-23,2023-08-24,guardianship
E-DEMO-KS-0361,DEMO-KS-0361,2023-08-20,2024-09-30,reunification
E-DEMO-KS-0362,DEMO-KS-0362,2024-04-19,2025-04-02,reunification
E-DEMO-KS-0363,DEMO-KS-0363,2024-03-16,,
E-DEMO-KS-0364,DEMO-KS-0364,2024-10-05,,
E-DEMO-KS-0365,DEMO-KS-0365,2025-08-18,,
E-DEMO-KS-0366,DEMO-KS-0366,2025-07-11,,
E-DEMO-KS-0367,DEMO-KS-0367,2024-04-14,2025-12-17,guardianship
E-DEMO-KS-0368,DEMO-KS-0368,2023-02-10,2024-12-15,guardianship
E-DEMO-KS-0369,DEMO-KS-0369,2024-06-22,,
E-DEMO-KS-0370,DEMO-KS-0370,2023-03-09,2025-03-06,other
E-DEMO-KS-0371,DEMO-KS-0371,2023-08-13,2025-12-03,reunification
E-DEMO-KS-0372,DEMO-KS-0372,2025-06-26,,
E-DEMO-KS-0373,DEMO-KS-0373,2024-09-07,2025-02-05,reunification
E-DEMO-KS-0374,DEMO-KS-0374,2023-07-25,2023-10-02,guardianship
E-DEMO-KS-0375,DEMO-KS-0375,2024-06-17,,
E-DEMO-KS-0376,DEMO-KS-0376,2024-12-14,,
E-DEMO-KS-0377,DEMO-KS-0377,2025-09-14,,
E-DEMO-KS-0378,DEMO-KS-0378,2025-06-09,,
E-DEMO-KS-0379,DEMO-KS-0379,2025-09-26,,
E-DEMO-KS-0380,DEMO-KS-0380,2024-02-21,2025-09-14,guardianship
E-DEMO-KS-0381,DEMO-KS-0381,2024-06-29,,
E-DEMO-KS-0382,DEMO-KS-0382,2023-09-14,2024-06-13,adoption
E-DEMO-KS-0383,DEMO-KS-0383,2023-05-07,2024-11-03,reunification
E-DEMO-KS-0384,DEMO-KS-0384,2023-03-29,2025-05-27,reunification
E-DEMO-KS-0385,DEMO-KS-0385,2024-12-12,2025-09-10,other
E-DEMO-KS-0386,DEMO-KS-0386,2025-07-01,,
E-DEMO-KS-0387,DEMO-KS-0387,2025-09-08,,
E-DEMO-KS-0388,DEMO-KS-0388,2023-08-23,2024-05-11,adoption
E-DEMO-KS-0389,DEMO-KS-0389,2024-01-17,2025-01-03,other
E-DEMO-KS-0390,DEMO-KS-0390,2023-12-13,2025-08-10,reunification
E-DEMO-KS-0391,DEMO-KS-0391,2024-07-28,2024-12-26,guardianship
E-DEMO-KS-0392,DEMO-KS-0392,2025-06-21,,
E-DEMO-KS-0393,DEMO-KS-0393,2023-09-06,2024-11-23,reunification
E-DEMO-KS-0394,DEMO-KS-0394,2025-06-16,,
E-DEMO-KS-0395,DEMO-KS-0395,2024-01-17,2025-09-27,adoption
E-DEMO-KS-0396,DEMO-KS-0396,2024-09-04,2025-04-02,reunification
E-DEMO-KS-0397,DEMO-KS-0397,2024-12-05,2025-02-23,other
E-DEMO-KS-0398,DEMO-KS-0398,2025-05-05,,
E-DEMO-KS-0399,DEMO-KS-0399,2025-07-27,,
E-DEMO-KS-0400,DEMO-KS-0400,2023-05-15,2025-01-20,reunification
E-DEMO-MI-0001,DEMO-MI-0001,2025-08-28,,
E-DEMO-MI-0002,DEMO-MI-0002,2023-03-03,2023-06-19,reunification
E-DEMO-MI-0003,DEMO-MI-0003,2023-11-28,2024-05-02,guardianship
E-DEMO-MI-0004,DEMO-MI-0004,2024-05-27,,
E-DEMO-MI-0005,DEMO-MI-0005,2024-05-29,,
E-DEMO-MI-0006,DEMO-MI-0006,2024-01-12,2024-02-29,other
E-DEMO-MI-0007,DEMO-MI-0007,2025-04-17,2025-07-14,reunification
E-DEMO-MI-0008,DEMO-MI-0008,2023-03-05,2023-08-15,adoption
E-DEMO-MI-0009,DEMO-MI-0009,2025-05-05,,
E-DEMO-MI-0010,DEMO-MI-0010,2024-02-22,2025-03-14,other
E-DEMO-MI-0011,DEMO-MI-0011,2025-03-13,,
E-DEMO-MI-0012,DEMO-MI-0012,2024-02-06,2024-10-28,other
E-DEMO-MI-0013,DEMO-MI-0013,2024-03-14,2024-08-19,adoption
E-DEMO-MI-0014,DEMO-MI-0014,2024-06-10,2024-10-29,other
E-DEMO-MI-0015,DEMO-MI-0015,2025-04-17,2025-07-13,guardianship
E-DEMO-MI-0016,DEMO-MI-0016,2023-06-18,2025-05-24,adoption
E-DEMO-MI-0017,DEMO-MI-0017,2023-02-17,2024-10-06,other
E-DEMO-MI-0018,DEMO-MI-0018,2023-12-03,2025-05-22,reunification
E-DEMO-MI-0019,DEMO-MI-0019,2023-04-27,2025-06-19,adoption
E-DEMO-MI-0020,DEMO-MI-0020,2024-05-02,2024-06-18,other
E-DEMO-MI-0021,DEMO-MI-0021,2023-03-30,2024-03-26,other
E-DEMO-MI-0022,DEMO-MI-0022,2025-07-30,2025-10-25,guardianship
E-DEMO-MI-0023,DEMO-MI-0023,2025-08-15,,
E-DEMO-MI-0024,DEMO-MI-0024,2023-10-31,2024-08-02,adoption
E-DEMO-MI-0025,DEMO-MI-0025,2023-07-21,2025-02-24,other
E-DEMO-MI-0026,DEMO-MI-0026,2024-03-15,2024-12-08,reunification
E-DEMO-MI-0027,DEMO-MI-0027,2023-01-24,2023-07-31,other
E-DEMO-MI-0028,DEMO-MI-0028,2024-08-14,,
E-DEMO-MI-0029,DEMO-MI-0029,2025-02-22,,
E-DEMO-MI-0030,DEMO-MI-0030,2025-05-24,,
E-DEMO-MI-0031,DEMO-MI-0031,2025-03-13,2025-09-07,guardianship
E-DEMO-MI-0032,DEMO-MI-0032,2024-07-31,2025-06-14,guardianship
E-DEMO-MI-0033,DEMO-MI-0033,2024-01-04,2025-09-12,reunification
E-DEMO-MI-0034,DEMO-MI-0034,2024-11-16,2025-06-20,reunification
E-DEMO-MI-0035,DEMO-MI-0035,2024-11-06,,
E-DEMO-MI-0036,DEMO-MI-0036,2023-01-06,2024-07-02,guardianship
E-DEMO-MI-0037,DEMO-MI-0037,2023-07-20,2024-06-02,other
E-DEMO-MI-0038,DEMO-MI-0038,2023-11-13,2024-05-24,guardianship
E-DEMO-MI-0039,DEMO-MI-0039,2023-02-05,2023-07-17,adoption
E-DEMO-MI-0040,DEMO-MI-0040,2023-12-18,2025-12-11,adoption
E-DEMO-MI-0041,DEMO-MI-0041,2025-05-08,,
E-DEMO-MI-0042,DEMO-MI-0042,2023-07-26,2023-10-22,reunification
E-DEMO-MI-0043,DEMO-MI-0043,2025-09-24,,
E-DEMO-MI-0044,DEMO-MI-0044,2025-04-29,,
E-DEMO-MI-0045,DEMO-MI-0045,2024-10-14,,
E-DEMO-MI-0046,DEMO-MI-0046,2025-09-18,2025-11-03,other
E-DEMO-MI-0047,DEMO-MI-0047,2025-05-09,,
E-DEMO-MI-0048,DEMO-MI-0048,2023-12-28,2024-06-14,adoption
E-DEMO-MI-0049,DEMO-MI-0049,2024-05-12,2025-11-29,adoption
E-DEMO-MI-0050,DEMO-MI-0050,2024-07-15,2025-08-31,adoption
E-DEMO-MI-0051,DEMO-MI-0051,2025-02-13,,
E-DEMO-MI-0052,DEMO-MI-0052,2024-09-02,,
E-DEMO-MI-0053,DEMO-MI-0053,2023-05-19,2024-09-28,adoption
E-DEMO-MI-0054,DEMO-MI-0054,2023-03-27,2024-12-31,guardianship
E-DEMO-MI-0055,DEMO-MI-0055,2024-03-26,,
E-DEMO-MI-0056,DEMO-MI-0056,2025-09-03,,
E-DEMO-MI-0057,DEMO-MI-0057,2024-01-15,2024-11-27,guardianship
E-DEMO-MI-0058,DEMO-MI-0058,2025-05-06,,
E-DEMO-MI-0059,DEMO-MI-0059,2024-02-05,,
E-DEMO-MI-0060,DEMO-MI-0060,2024-10-04,2025-09-05,guardianship
E-DEMO-MI-0061,DEMO-MI-0061,2023-10-16,2024-06-05,other
E-DEMO-MI-0062,DEMO-MI-0062,2023-02-03,2024-06-04,adoption
E-DEMO-MI-0063,DEMO-MI-0063,2025-02-05,,
E-DEMO-MI-0064,DEMO-MI-0064,2024-06-28,2025-02-13,other
E-DEMO-MI-0065,DEMO-MI-0065,2023-03-03,2024-10-08,other
E-DEMO-MI-0066,DEMO-MI-0066,2024-01-11,2024-10-22,guardianship
E-DEMO-MI-0067,DEMO-MI-0067,2025-03-06,2025-09-04,adoption
E-DEMO-MI-0068,DEMO-MI-0068,2025-04-20,,
E-DEMO-MI-0069,DEMO-MI-0069,2023-05-12,2023-11-08,adoption
E-DEMO-MI-0070,DEMO-MI-0070,2025-02-26,,
E-DEMO-MI-0071,DEMO-MI-0071,2023-08-18,2024-08-15,adoption
E-DEMO-MI-0072,DEMO-MI-0072,2024-11-01,2025-07-31,adoption
E-DEMO-MI-0073,DEMO-MI-0073,2025-01-28,2025-05-22,adoption
E-DEMO-MI-0074,DEMO-MI-0074,2023-02-21,2024-05-22,guardianship
E-DEMO-MI-0075,DEMO-MI-0075,2025-03-21,,
E-DEMO-MI-0076,DEMO-MI-0076,2023-09-12,2024-08-04,adoption
E-DEMO-MI-0077,DEMO-MI-0077,2024-03-05,2025-03-29,adoption
E-DEMO-MI-0078,DEMO-MI-0078,2024-08-13,,
E-DEMO-MI-0079,DEMO-MI-0079,2025-03-07,,
E-DEMO-MI-0080,DEMO-MI-0080,2024-04-09,,
E-DEMO-MI-0081,DEMO-MI-0081,2023-07-15,2025-11-04,reunification
E-DEMO-MI-0082,DEMO-MI-0082,2023-01-27,2024-05-12,guardianship
E-DEMO-MI-0083,DEMO-MI-0083,2024-10-15,,
E-DEMO-MI-0084,DEMO-MI-0084,2023-07-31,2023-10-03,other
E-DEMO-MI-0085,DEMO-MI-0085,2025-08-14,,
E-DEMO-MI-0086,DEMO-MI-0086,2025-07-01,,
E-DEMO-MI-0087,DEMO-MI-0087,2023-11-08,2024-09-17,adoption
E-DEMO-MI-0088,DEMO-MI-0088,2024-12-29,2025-11-29,adoption
E-DEMO-MI-0089,DEMO-MI-0089,2024-08-04,2025-07-22,reunification
E-DEMO-MI-0090,DEMO-MI-0090,2024-03-24,2025-08-31,adoption
E-DEMO-MI-0091,DEMO-MI-0091,2023-04-10,2024-09-07,other
E-DEMO-MI-0092,DEMO-MI-0092,2024-03-28,2025-11-15,reunification
E-DEMO-MI-0093,DEMO-MI-0093,2023-10-26,2024-07-30,guardianship
E-DEMO-MI-0094,DEMO-MI-0094,2025-04-23,2025-07-05,adoption
E-DEMO-MI-0095,DEMO-MI-0095,2025-09-19,,
E-DEMO-MI-0096,DEMO-MI-0096,2024-11-05,2025-11-02,guardianship
E-DEMO-MI-0097,DEMO-MI-0097,2023-06-06,2023-12-22,other
E-DEMO-MI-0098,DEMO-MI-0098,2024-05-07,2024-11-07,guardianship
E-DEMO-MI-0099,DEMO-MI-0099,2025-07-21,,
E-DEMO-MI-0100,DEMO-MI-0100,2023-11-27,2024-02-29,reunification
E-DEMO-MI-0101,DEMO-MI-0101,2025-07-07,,
E-DEMO-MI-0102,DEMO-MI-0102,2025-04-12,,
E-DEMO-MI-0103,DEMO-MI-0103,2023-05-15,2024-06-18,reunification
E-DEMO-MI-0104,DEMO-MI-0104,2023-11-10,2025-10-25,reunification
E-DEMO-MI-0105,DEMO-MI-0105,2024-09-21,2025-06-13,guardianship
E-DEMO-MI-0106,DEMO-MI-0106,2024-05-01,,
E-DEMO-MI-0107,DEMO-MI-0107,2025-01-10,,
E-DEMO-MI-0108,DEMO-MI-0108,2025-04-09,,
E-DEMO-MI-0109,DEMO-MI-0109,2025-02-11,2025-06-21,reunification
E-DEMO-MI-0110,DEMO-MI-0110,2023-11-06,2025-11-11,reunification
E-DEMO-MI-0111,DEMO-MI-0111,2024-06-06,2025-11-11,reunification
E-DEMO-MI-0112,DEMO-MI-0112,2024-06-09,2025-07-02,guardianship
E-DEMO-MI-0113,DEMO-MI-0113,2025-05-14,,
E-DEMO-MI-0114,DEMO-MI-0114,2025-04-11,2025-09-04,other
E-DEMO-MI-0115,DEMO-MI-0115,2024-01-31,2024-09-22,adoption
E-DEMO-MI-0116,DEMO-MI-0116,2023-04-04,2023-06-23,other
E-DEMO-MI-0117,DEMO-MI-0117,2023-07-06,2023-10-24,adoption
E-DEMO-MI-0118,DEMO-MI-0118,2024-12-06,,
E-DEMO-MI-0119,DEMO-MI-0119,2024-03-24,2025-05-31,other
E-DEMO-MI-0120,DEMO-MI-0120,2023-04-14,2025-03-27,adoption
E-DEMO-MI-0121,DEMO-MI-0121,2024-03-14,2024-12-17,guardianship
E-DEMO-MI-0122,DEMO-MI-0122,2025-08-03,,
E-DEMO-MI-0123,DEMO-MI-0123,2025-04-22,2025-12-11,other
E-DEMO-MI-0124,DEMO-MI-0124,2023-10-23,2025-03-25,guardianship
E-DEMO-MI-0125,DEMO-MI-0125,2023-04-04,2023-08-31,other
E-DEMO-MI-0126,DEMO-MI-0126,2024-09-23,2025-02-28,reunification
E-DEMO-MI-0127,DEMO-MI-0127,2023-07-13,2025-04-13,adoption
E-DEMO-MI-0128,DEMO-MI-0128,2025-08-21,,
E-DEMO-MI-0129,DEMO-MI-0129,2024-04-01,2025-01-13,adoption
E-DEMO-MI-0130,DEMO-MI-0130,2025-05-12,2025-12-17,reunification
E-DEMO-MI-0131,DEMO-MI-0131,2025-05-02,,
E-DEMO-MI-0132,DEMO-MI-0132,2023-09-27,2024-10-07,reunification
E-DEMO-MI-0133,DEMO-MI-0133,2025-07-24,,
E-DEMO-MI-0134,DEMO-MI-0134,2023-03-03,2024-02-01,reunification
E-DEMO-MI-0135,DEMO-MI-0135,2023-04-29,2024-11-01,other
E-DEMO-MI-0136,DEMO-MI-0136,2024-08-26,2025-03-01,adoption
E-DEMO-MI-0137,DEMO-MI-0137,2023-10-16,2024-07-08,other
E-DEMO-MI-0138,DEMO-MI-0138,2023-04-10,2023-08-25,reunification
E-DEMO-MI-0139,DEMO-MI-0139,2023-05-12,2023-12-09,guardianship
E-DEMO-MI-0140,DEMO-MI-0140,2024-01-26,2024-03-28,adoption
E-DEMO-MI-0141,DEMO-MI-0141,2024-02-10,,
E-DEMO-MI-0142,DEMO-MI-0142,2023-11-23,2024-01-08,other
E-DEMO-MI-0143,DEMO-MI-0143,2024-01-08,2024-05-13,adoption
E-DEMO-MI-0144,DEMO-MI-0144,2024-01-05,2024-10-03,other
E-DEMO-MI-0145,DEMO-MI-0145,2025-03-12,,
E-DEMO-MI-0146,DEMO-MI-0146,2023-01-14,2023-12-01,reunification
E-DEMO-MI-0147,DEMO-MI-0147,2023-02-26,2023-04-19,guardianship
E-DEMO-MI-0148,DEMO-MI-0148,2025-04-06,,
E-DEMO-MI-0149,DEMO-MI-0149,2025-04-11,2025-10-31,other
E-DEMO-MI-0150,DEMO-MI-0150,2024-05-13,2024-07-07,adoption
E-DEMO-MI-0151,DEMO-MI-0151,2023-08-31,2025-06-18,guardianship
E-DEMO-MI-0152,DEMO-MI-0152,2024-04-23,2025-08-19,other
E-DEMO-MI-0153,DEMO-MI-0153,2024-03-29,2024-09-25,guardianship
E-DEMO-MI-0154,DEMO-MI-0154,2023-05-09,2025-09-04,guardianship
E-DEMO-MI-0155,DEMO-MI-0155,2023-02-08,2023-09-07,other
E-DEMO-MI-0156,DEMO-MI-0156,2024-09-19,2025-02-08,reunification
E-DEMO-MI-0157,DEMO-MI-0157,2023-02-06,2024-06-24,guardianship
E-DEMO-MI-0158,DEMO-MI-0158,2023-02-16,2024-01-01,reunification
E-DEMO-MI-0159,DEMO-MI-0159,2023-07-13,2024-03-17,guardianship
E-DEMO-MI-0160,DEMO-MI-0160,2024-07-31,2025-03-28,other
E-DEMO-MI-0161,DEMO-MI-0161,2024-09-30,2025-02-13,adoption
E-DEMO-MI-0162,DEMO-MI-0162,2024-09-07,,
E-DEMO-MI-0163,DEMO-MI-0163,2024-04-11,2025-08-02,other
E-DEMO-MI-0164,DEMO-MI-0164,2025-06-23,,
E-DEMO-MI-0165,DEMO-MI-0165,2023-07-23,2025-09-05,guardianship
E-DEMO-MI-0166,DEMO-MI-0166,2023-05-28,2025-08-16,adoption
E-DEMO-MI-0167,DEMO-MI-0167,2024-11-02,,
E-DEMO-MI-0168,DEMO-MI-0168,2023-03-03,2024-01-31,guardianship
E-DEMO-MI-0169,DEMO-MI-0169,2024-05-27,,
E-DEMO-MI-0170,DEMO-MI-0170,2024-12-20,,
E-DEMO-MI-0171,DEMO-MI-0171,2024-01-05,2024-09-29,adoption
E-DEMO-MI-0172,DEMO-MI-0172,2025-04-09,,
E-DEMO-MI-0173,DEMO-MI-0173,2023-12-08,2024-03-10,guardianship
E-DEMO-MI-0174,DEMO-MI-0174,2025-02-12,,
E-DEMO-MI-0175,DEMO-MI-0175,2023-06-13,2023-10-17,adoption
E-DEMO-MI-0176,DEMO-MI-0176,2024-10-02,2025-08-16,guardianship
E-DEMO-MI-0177,DEMO-MI-0177,2024-06-04,2025-04-30,adoption
E-DEMO-MI-0178,DEMO-MI-0178,2023-03-07,2024-05-13,guardianship
E-DEMO-MI-0179,DEMO-MI-0179,2025-09-03,,
E-DEMO-MI-0180,DEMO-MI-0180,2024-05-03,2024-10-30,other
E-DEMO-MI-0181,DEMO-MI-0181,2025-09-08,,
E-DEMO-MI-0182,DEMO-MI-0182,2024-05-22,,
E-DEMO-MI-0183,DEMO-MI-0183,2023-10-21,2024-08-26,reunification
E-DEMO-MI-0184,DEMO-MI-0184,2024-05-02,,
E-DEMO-MI-0185,DEMO-MI-0185,2025-05-23,,
E-DEMO-MI-0186,DEMO-MI-0186,2023-08-18,2024-03-27,adoption
E-DEMO-MI-0187,DEMO-MI-0187,2025-06-06,2025-10-27,adoption
E-DEMO-MI-0188,DEMO-MI-0188,2024-10-24,2025-02-06,guardianship
E-DEMO-MI-0189,DEMO-MI-0189,2023-09-15,2024-09-17,reunification
E-DEMO-MI-0190,DEMO-MI-0190,2024-09-23,,
E-DEMO-MI-0191,DEMO-MI-0191,2023-08-09,2023-12-01,guardianship
E-DEMO-MI-0192,DEMO-MI-0192,2024-11-16,2025-06-21,other
E-DEMO-MI-0193,DEMO-MI-0193,2023-01-16,2023-10-31,other
E-DEMO-MI-0194,DEMO-MI-0194,2024-07-19,,
E-DEMO-MI-0195,DEMO-MI-0195,2025-04-10,2025-12-26,adoption
E-DEMO-MI-0196,DEMO-MI-0196,2023-10-01,2025-09-23,other
E-DEMO-MI-0197,DEMO-MI-0197,2024-04-15,2025-06-06,adoption
E-DEMO-MI-0198,DEMO-MI-0198,2023-02-16,2024-03-16,guardianship
E-DEMO-MI-0199,DEMO-MI-0199,2023-02-18,2024-09-03,guardianship
E-DEMO-MI-0200,DEMO-MI-0200,2023-12-21,2025-08-27,guardianship
E-DEMO-MI-0201,DEMO-MI-0201,2023-09-21,2025-02-15,guardianship
E-DEMO-MI-0202,DEMO-MI-0202,2024-08-22,2025-12-26,other
E-DEMO-MI-0203,DEMO-MI-0203,2025-06-21,,
E-DEMO-MI-0204,DEMO-MI-0204,2025-08-15,,
E-DEMO-MI-0205,DEMO-MI-0205,2023-10-10,2025-08-25,guardianship
E-DEMO-MI-0206,DEMO-MI-0206,2025-06-15,,
E-DEMO-MI-0207,DEMO-MI-0207,2024-05-27,2025-02-22,guardianship
E-DEMO-MI-0208,DEMO-MI-0208,2025-07-10,,
E-DEMO-MI-0209,DEMO-MI-0209,2024-09-30,,
E-DEMO-MI-0210,DEMO-MI-0210,2023-08-07,2025-05-27,adoption
E-DEMO-MI-0211,DEMO-MI-0211,2024-12-27,2025-07-13,reunification
E-DEMO-MI-0212,DEMO-MI-0212,2024-12-24,2025-08-05,guardianship
E-DEMO-MI-0213,DEMO-MI-0213,2023-02-11,2024-12-25,reunification
E-DEMO-MI-0214,DEMO-MI-0214,2023-03-31,2023-10-16,adoption
E-DEMO-MI-0215,DEMO-MI-0215,2023-08-04,2024-01-07,guardianship
E-DEMO-MI-0216,DEMO-MI-0216,2023-09-03,2025-07-03,reunification
E-DEMO-MI-0217,DEMO-MI-0217,2023-02-21,2024-07-13,other
E-DEMO-MI-0218,DEMO-MI-0218,2024-08-20,2024-12-08,reunification
E-DEMO-MI-0219,DEMO-MI-0219,2024-03-06,2025-04-16,guardianship
E-DEMO-MI-0220,DEMO-MI-0220,2025-05-19,2025-10-18,guardianship
E-DEMO-MI-0221,DEMO-MI-0221,2023-09-14,2025-07-05,other
E-DEMO-MI-0222,DEMO-MI-0222,2025-02-28,,
E-DEMO-MI-0223,DEMO-MI-0223,2023-12-28,2025-04-24,other
E-DEMO-MI-0224,DEMO-MI-0224,2024-08-30,2025-05-18,other
E-DEMO-MI-0225,DEMO-MI-0225,2024-04-02,2025-07-18,guardianship
E-DEMO-MI-0226,DEMO-MI-0226,2024-11-20,2025-06-12,other
E-DEMO-MI-0227,DEMO-MI-0227,2024-03-05,2024-05-19,reunification
E-DEMO-MI-0228,DEMO-MI-0228,2023-05-25,2025-01-16,other
E-DEMO-MI-0229,DEMO-MI-0229,2024-11-11,,
E-DEMO-MI-0230,DEMO-MI-0230,2025-06-30,,
E-DEMO-MI-0231,DEMO-MI-0231,2024-10-17,2025-02-27,other
E-DEMO-MI-0232,DEMO-MI-0232,2025-09-07,,
E-DEMO-MI-0233,DEMO-MI-0233,2024-04-15,,
E-DEMO-MI-0234,DEMO-MI-0234,2025-01-01,,
E-DEMO-MI-0235,DEMO-MI-0235,2023-06-26,2024-12-18,other
E-DEMO-MI-0236,DEMO-MI-0236,2025-02-24,,
E-DEMO-MI-0237,DEMO-MI-0237,2024-03-13,2024-10-29,adoption
E-DEMO-MI-0238,DEMO-MI-0238,2025-01-25,2025-07-03,guardianship
E-DEMO-MI-0239,DEMO-MI-0239,2024-05-12,2024-12-26,adoption
E-DEMO-MI-0240,DEMO-MI-0240,2024-06-04,2024-11-12,guardianship
E-DEMO-MI-0241,DEMO-MI-0241,2023-06-28,2024-12-10,reunification
E-DEMO-MI-0242,DEMO-MI-0242,2023-03-21,2024-01-13,other
E-DEMO-MI-0243,DEMO-MI-0243,2024-06-03,2025-04-12,guardianship
E-DEMO-MI-0244,DEMO-MI-0244,2025-03-08,2025-10-08,adoption
E-DEMO-MI-0245,DEMO-MI-0245,2024-06-04,2024-10-11,reunification
E-DEMO-MI-0246,DEMO-MI-0246,2023-10-10,2024-11-10,adoption
E-DEMO-MI-0247,DEMO-MI-0247,2024-10-25,2025-09-07,other
E-DEMO-MI-0248,DEMO-MI-0248,2024-10-01,,
E-DEMO-MI-0249,DEMO-MI-0249,2024-11-27,,
E-DEMO-MI-0250,DEMO-MI-0250,2023-06-10,2024-08-28,reunification
E-DEMO-MI-0251,DEMO-MI-0251,2024-03-09,2025-09-21,reunification
E-DEMO-MI-0252,DEMO-MI-0252,2024-01-05,2024-10-05,guardianship
E-DEMO-MI-0253,DEMO-MI-0253,2024-05-05,,
E-DEMO-MI-0254,DEMO-MI-0254,2025-01-28,2025-03-22,guardianship
E-DEMO-MI-0255,DEMO-MI-0255,2024-03-05,,
E-DEMO-MI-0256,DEMO-MI-0256,2023-07-21,2024-12-29,guardianship
E-DEMO-MI-0257,DEMO-MI-0257,2025-03-04,2025-05-21,reunification
E-DEMO-MI-0258,DEMO-MI-0258,2023-11-27,2025-05-11,adoption
E-DEMO-MI-0259,DEMO-MI-0259,2024-08-23,2025-03-09,adoption
E-DEMO-MI-0260,DEMO-MI-0260,2023-11-14,2025-09-16,reunification
E-DEMO-MI-0261,DEMO-MI-0261,2025-04-19,,
E-DEMO-MI-0262,DEMO-MI-0262,2025-05-25,,
E-DEMO-MI-0263,DEMO-MI-0263,2023-07-30,2025-10-12,adoption
E-DEMO-MI-0264,DEMO-MI-0264,2023-12-08,2025-09-19,guardianship
E-DEMO-MI-0265,DEMO-MI-0265,2024-04-08,2025-12-07,guardianship
E-DEMO-MI-0266,DEMO-MI-0266,2024-02-27,2024-10-08,other
E-DEMO-MI-0267,DEMO-MI-0267,2023-06-08,2024-10-04,reunification
E-DEMO-MI-0268,DEMO-MI-0268,2024-11-10,,
E-DEMO-MI-0269,DEMO-MI-0269,2023-11-25,2024-09-07,adoption
E-DEMO-MI-0270,DEMO-MI-0270,2024-11-10,2025-05-24,adoption
E-DEMO-MI-0271,DEMO-MI-0271,2024-05-10,,
E-DEMO-MI-0272,DEMO-MI-0272,2024-10-13,,
E-DEMO-MI-0273,DEMO-MI-0273,2023-03-11,2024-06-14,guardianship
E-DEMO-MI-0274,DEMO-MI-0274,2025-06-19,2025-09-26,adoption
E-DEMO-MI-0275,DEMO-MI-0275,2024-05-23,2025-07-16,reunification
E-DEMO-MI-0276,DEMO-MI-0276,2023-09-14,2024-07-02,guardianship
E-DEMO-MI-0277,DEMO-MI-0277,2025-05-18,,
E-DEMO-MI-0278,DEMO-MI-0278,2023-09-23,2023-12-26,adoption
E-DEMO-MI-0279,DEMO-MI-0279,2025-08-28,,
E-DEMO-MI-0280,DEMO-MI-0280,2025-01-09,,
E-DEMO-MI-0281,DEMO-MI-0281,2024-08-04,2025-10-26,other
E-DEMO-MI-0282,DEMO-MI-0282,2024-02-04,2025-03-24,adoption
E-DEMO-MI-0283,DEMO-MI-0283,2025-08-10,,
E-DEMO-MI-0284,DEMO-MI-0284,2023-03-31,2024-11-26,adoption
E-DEMO-MI-0285,DEMO-MI-0285,2024-02-17,2025-04-11,guardianship
E-DEMO-MI-0286,DEMO-MI-0286,2025-01-23,,
E-DEMO-MI-0287,DEMO-MI-0287,2025-03-05,,
E-DEMO-MI-0288,DEMO-MI-0288,2024-01-15,2024-05-21,guardianship
E-DEMO-MI-0289,DEMO-MI-0289,2024-03-14,2024-08-19,adoption
E-DEMO-MI-0290,DEMO-MI-0290,2024-03-09,2024-06-04,reunification
E-DEMO-MI-0291,DEMO-MI-0291,2024-03-11,,
E-DEMO-MI-0292,DEMO-MI-0292,2024-07-15,2025-03-10,guardianship
E-DEMO-MI-0293,DEMO-MI-0293,2023-09-02,2025-11-30,adoption
E-DEMO-MI-0294,DEMO-MI-0294,2024-06-22,2025-01-27,adoption
E-DEMO-MI-0295,DEMO-MI-0295,2023-10-13,2025-05-06,adoption
E-DEMO-MI-0296,DEMO-MI-0296,2025-09-08,,
E-DEMO-MI-0297,DEMO-MI-0297,2023-04-15,2023-11-22,reunification
E-DEMO-MI-0298,DEMO-MI-0298,2025-09-18,,
E-DEMO-MI-0299,DEMO-MI-0299,2024-11-18,2025-05-20,reunification
E-DEMO-MI-0300,DEMO-MI-0300,2024-03-04,2025-04-24,reunification
E-DEMO-MI-0301,DEMO-MI-0301,2025-04-05,,
E-DEMO-MI-0302,DEMO-MI-0302,2024-04-04,2024-09-21,adoption
E-DEMO-MI-0303,DEMO-MI-0303,2025-06-29,,
E-DEMO-MI-0304,DEMO-MI-0304,2025-03-11,,
E-DEMO-MI-0305,DEMO-MI-0305,2024-02-13,2025-09-15,guardianship
E-DEMO-MI-0306,DEMO-MI-0306,2023-02-25,2025-02-25,other
E-DEMO-MI-0307,DEMO-MI-0307,2023-08-20,2025-04-16,adoption
E-DEMO-MI-0308,DEMO-MI-0308,2024-05-01,2025-08-15,adoption
E-DEMO-MI-0309,DEMO-MI-0309,2024-01-05,2025-04-26,reunification
E-DEMO-MI-0310,DEMO-MI-0310,2024-07-10,2025-07-23,guardianship
E-DEMO-MI-0311,DEMO-MI-0311,2025-06-17,2025-09-28,reunification
E-DEMO-MI-0312,DEMO-MI-0312,2025-07-11,2025-08-27,other
E-DEMO-MI-0313,DEMO-MI-0313,2023-09-28,2024-05-22,adoption
E-DEMO-MI-0314,DEMO-MI-0314,2023-08-15,2024-07-17,reunification
E-DEMO-MI-0315,DEMO-MI-0315,2024-12-15,,
E-DEMO-MI-0316,DEMO-MI-0316,2023-12-16,2025-01-04,reunification
E-DEMO-MI-0317,DEMO-MI-0317,2025-06-23,,
E-DEMO-MI-0318,DEMO-MI-0318,2023-01-29,2023-09-08,reunification
E-DEMO-MI-0319,DEMO-MI-0319,2025-04-16,2025-07-31,guardianship
E-DEMO-MI-0320,DEMO-MI-0320,2024-09-25,2025-06-06,guardianship
E-DEMO-MI-0321,DEMO-MI-0321,2025-09-22,,
E-DEMO-MI-0322,DEMO-MI-0322,2023-05-12,2024-10-23,guardianship
E-DEMO-MI-0323,DEMO-MI-0323,2023-08-18,2023-12-01,guardianship
E-DEMO-MI-0324,DEMO-MI-0324,2023-01-29,2023-07-02,other
E-DEMO-MI-0325,DEMO-MI-0325,2024-02-08,,
E-DEMO-MI-0326,DEMO-MI-0326,2023-08-07,2024-10-14,reunification
E-DEMO-MI-0327,DEMO-MI-0327,2023-10-29,2024-12-29,adoption
E-DEMO-MI-0328,DEMO-MI-0328,2025-02-16,,
E-DEMO-MI-0329,DEMO-MI-0329,2023-05-16,2025-02-18,reunification
E-DEMO-MI-0330,DEMO-MI-0330,2025-01-14,2025-07-30,reunification
E-DEMO-MI-0331,DEMO-MI-0331,2024-01-14,2024-04-09,adoption
E-DEMO-MI-0332,DEMO-MI-0332,2023-11-11,2024-01-31,guardianship
E-DEMO-MI-0333,DEMO-MI-0333,2023-11-01,2025-10-05,guardianship
E-DEMO-MI-0334,DEMO-MI-0334,2024-08-13,2025-07-13,reunification
E-DEMO-MI-0335,DEMO-MI-0335,2023-04-28,2025-06-30,other
E-DEMO-MI-0336,DEMO-MI-0336,2025-08-25,,
E-DEMO-MI-0337,DEMO-MI-0337,2023-08-18,2025-08-06,other
E-DEMO-MI-0338,DEMO-MI-0338,2023-10-12,2025-02-10,guardianship
E-DEMO-MI-0339,DEMO-MI-0339,2023-02-10,2023-12-26,adoption
E-DEMO-MI-0340,DEMO-MI-0340,2025-02-18,,
E-DEMO-MI-0341,DEMO-MI-0341,2024-03-23,2025-06-18,guardianship
E-DEMO-MI-0342,DEMO-MI-0342,2023-06-06,2025-07-20,guardianship
E-DEMO-MI-0343,DEMO-MI-0343,2023-03-04,2024-10-08,guardianship
E-DEMO-MI-0344,DEMO-MI-0344,2024-05-27,2025-04-16,adoption
E-DEMO-MI-0345,DEMO-MI-0345,2025-01-24,,
E-DEMO-MI-0346,DEMO-MI-0346,2023-07-12,2024-07-31,reunification
E-DEMO-MI-0347,DEMO-MI-0347,2024-06-28,,
E-DEMO-MI-0348,DEMO-MI-0348,2024-12-04,2025-09-07,other
E-DEMO-MI-0349,DEMO-MI-0349,2024-12-15,,
E-DEMO-MI-0350,DEMO-MI-0350,2025-09-12,,
E-DEMO-MI-0351,DEMO-MI-0351,2024-08-28,2024-12-10,reunification
E-DEMO-MI-0352,DEMO-MI-0352,2023-12-13,2024-08-26,guardianship
E-DEMO-MI-0353,DEMO-MI-0353,2024-02-16,,
E-DEMO-MI-0354,DEMO-MI-0354,2024-05-20,2025-03-30,adoption
E-DEMO-MI-0355,DEMO-MI-0355,2024-12-18,,
E-DEMO-MI-0356,DEMO-MI-0356,2024-01-17,2024-12-08,guardianship
E-DEMO-MI-0357,DEMO-MI-0357,2024-04-08,2025-06-13,reunification
E-DEMO-MI-0358,DEMO-MI-0358,2024-02-15,2025-08-26,other
E-DEMO-MI-0359,DEMO-MI-0359,2023-01-14,2023-09-16,adoption
E-DEMO-MI-0360,DEMO-MI-0360,2025-08-24,,
E-DEMO-MI-0361,DEMO-MI-0361,2024-10-31,,
E-DEMO-MI-0362,DEMO-MI-0362,2023-07-31,2024-07-31,other
E-DEMO-MI-0363,DEMO-MI-0363,2024-10-22,,
E-DEMO-MI-0364,DEMO-MI-0364,2024-07-01,2024-10-11,guardianship
E-DEMO-MI-0365,DEMO-MI-0365,2023-04-24,2024-07-15,adoption
E-DEMO-MI-0366,DEMO-MI-0366,2025-01-28,2025-10-07,other
E-DEMO-MI-0367,DEMO-MI-0367,2023-02-15,2024-02-13,adoption
E-DEMO-MI-0368,DEMO-MI-0368,2023-09-22,2023-11-09,reunification
E-DEMO-MI-0369,DEMO-MI-0369,2025-09-02,,
E-DEMO-MI-0370,DEMO-MI-0370,2023-07-31,2024-07-19,other
E-DEMO-MI-0371,DEMO-MI-0371,2023-03-15,2024-05-22,other
E-DEMO-MI-0372,DEMO-MI-0372,2023-02-27,2024-06-03,reunification
E-DEMO-MI-0373,DEMO-MI-0373,2023-04-20,2024-03-07,reunification
E-DEMO-MI-0374,DEMO-MI-0374,2025-05-06,2025-08-08,adoption
E-DEMO-MI-0375,DEMO-MI-0375,2023-08-14,2025-06-03,other
E-DEMO-MI-0376,DEMO-MI-0376,2025-03-18,,
E-DEMO-MI-0377,DEMO-MI-0377,2024-07-01,,
E-DEMO-MI-0378,DEMO-MI-0378,2024-04-17,2025-07-26,reunification
E-DEMO-MI-0379,DEMO-MI-0379,2024-12-24,,
E-DEMO-MI-0380,DEMO-MI-0380,2024-09-18,,
E-DEMO-MI-0381,DEMO-MI-0381,2025-03-27,,
E-DEMO-MI-0382,DEMO-MI-0382,2025-05-29,2025-12-16,adoption
E-DEMO-MI-0383,DEMO-MI-0383,2023-03-01,2024-12-18,reunification
E-DEMO-MI-0384,DEMO-MI-0384,2023-09-26,2023-12-05,reunification
E-DEMO-MI-0385,DEMO-MI-0385,2024-12-09,,
E-DEMO-MI-0386,DEMO-MI-0386,2024-07-18,,
E-DEMO-MI-0387,DEMO-MI-0387,2024-01-02,2024-04-16,other
E-DEMO-MI-0388,DEMO-MI-0388,2024-07-15,2025-04-30,adoption
E-DEMO-MI-0389,DEMO-MI-0389,2025-01-28,2025-12-23,guardianship
E-DEMO-MI-0390,DEMO-MI-0390,2023-05-04,2024-03-08,reunification
E-DEMO-MI-0391,DEMO-MI-0391,2025-09-22,,
E-DEMO-MI-0392,DEMO-MI-0392,2023-03-06,2025-01-15,other
E-DEMO-MI-0393,DEMO-MI-0393,2023-12-05,2024-07-01,other
E-DEMO-MI-0394,DEMO-MI-0394,2024-11-08,2025-10-03,guardianship
E-DEMO-MI-0395,DEMO-MI-0395,2024-01-26,2025-01-22,adoption
E-DEMO-MI-0396,DEMO-MI-0396,2024-08-24,2025-01-04,reunification
E-DEMO-MI-0397,DEMO-MI-0397,2025-08-25,,
E-DEMO-MI-0398,DEMO-MI-0398,2025-07-20,,
E-DEMO-MI-0399,DEMO-MI-0399,2023-11-20,2024-10-24,guardianship
E-DEMO-MI-0400,DEMO-MI-0400,2025-01-19,2025-12-07,guardianship
E-DEMO-NM-0001,DEMO-NM-0001,2025-01-03,,
E-DEMO-NM-0002,DEMO-NM-0002,2024-03-11,2024-05-04,reunification
E-DEMO-NM-0003,DEMO-NM-0003,2023-01-18,2023-08-04,guardianship
E-DEMO-NM-0004,DEMO-NM-0004,2024-05-01,2025-01-16,guardianship
E-DEMO-NM-0005,DEMO-NM-0005,2025-09-26,,
E-DEMO-NM-0006,DEMO-NM-0006,2025-07-11,2025-11-24,guardianship
E-DEMO-NM-0007,DEMO-NM-0007,2023-03-20,2023-12-17,adoption
E-DEMO-NM-0008,DEMO-NM-0008,2025-03-17,,
E-DEMO-NM-0009,DEMO-NM-0009,2025-08-22,,
E-DEMO-NM-0010,DEMO-NM-0010,2023-02-18,2025-02-11,adoption
E-DEMO-NM-0011,DEMO-NM-0011,2025-03-10,2025-11-30,guardianship
E-DEMO-NM-0012,DEMO-NM-0012,2025-09-09,,
E-DEMO-NM-0013,DEMO-NM-0013,2023-08-27,2025-05-05,other
E-DEMO-NM-0014,DEMO-NM-0014,2023-03-22,2023-05-06,other
E-DEMO-NM-0015,DEMO-NM-0015,2024-06-07,2025-12-20,reunification
E-DEMO-NM-0016,DEMO-NM-0016,2024-08-17,2025-02-11,adoption
E-DEMO-NM-0017,DEMO-NM-0017,2023-09-25,2024-06-27,reunification
E-DEMO-NM-0018,DEMO-NM-0018,2024-11-20,2025-04-08,guardianship
E-DEMO-NM-0019,DEMO-NM-0019,2024-12-07,2025-11-18,other
E-DEMO-NM-0020,DEMO-NM-0020,2025-01-13,,
E-DEMO-NM-0021,DEMO-NM-0021,2023-07-02,2023-11-30,guardianship
E-DEMO-NM-0022,DEMO-NM-0022,2023-05-31,2024-11-09,reunification
E-DEMO-NM-0023,DEMO-NM-0023,2025-07-17,,
E-DEMO-NM-0024,DEMO-NM-0024,2023-11-04,2024-02-28,adoption
E-DEMO-NM-0025,DEMO-NM-0025,2023-09-30,2024-05-11,adoption
E-DEMO-NM-0026,DEMO-NM-0026,2023-05-08,2023-09-10,other
E-DEMO-NM-0027,DEMO-NM-0027,2025-01-03,,
E-DEMO-NM-0028,DEMO-NM-0028,2025-04-06,,
E-DEMO-NM-0029,DEMO-NM-0029,2023-01-24,2024-11-04,adoption
E-DEMO-NM-0030,DEMO-NM-0030,2024-11-02,2025-03-03,reunification
E-DEMO-NM-0031,DEMO-NM-0031,2024-03-30,2025-01-15,other
E-DEMO-NM-0032,DEMO-NM-0032,2025-03-09,,
E-DEMO-NM-0033,DEMO-NM-0033,2023-06-19,2024-09-22,reunification
E-DEMO-NM-0034,DEMO-NM-0034,2023-10-07,2024-12-31,adoption
E-DEMO-NM-0035,DEMO-NM-0035,2024-02-05,2024-12-08,other
E-DEMO-NM-0036,DEMO-NM-0036,2024-10-09,,
E-DEMO-NM-0037,DEMO-NM-0037,2023-04-25,2024-01-05,reunification
E-DEMO-NM-0038,DEMO-NM-0038,2024-05-08,2024-06-29,reunification
E-DEMO-NM-0039,DEMO-NM-0039,2025-05-23,,
E-DEMO-NM-0040,DEMO-NM-0040,2023-09-16,2024-08-25,adoption
E-DEMO-NM-0041,DEMO-NM-0041,2023-05-03,2025-02-23,adoption
E-DEMO-NM-0042,DEMO-NM-0042,2024-04-04,2025-08-15,other
E-DEMO-NM-0043,DEMO-NM-0043,2025-09-17,,
E-DEMO-NM-0044,DEMO-NM-0044,2025-06-22,,
E-DEMO-NM-0045,DEMO-NM-0045,2023-08-17,2024-11-26,other
E-DEMO-NM-0046,DEMO-NM-0046,2024-10-04,2025-12-18,reunification
E-DEMO-NM-0047,DEMO-NM-0047,2023-06-17,2024-11-08,adoption
E-DEMO-NM-0048,DEMO-NM-0048,2023-06-04,2025-08-15,reunification
E-DEMO-NM-0049,DEMO-NM-0049,2023-03-01,2024-06-15,other
E-DEMO-NM-0050,DEMO-NM-0050,2023-10-22,2024-01-05,guardianship
E-DEMO-NM-0051,DEMO-NM-0051,2024-04-26,2024-12-16,guardianship
E-DEMO-NM-0052,DEMO-NM-0052,2024-11-23,,
E-DEMO-NM-0053,DEMO-NM-0053,2025-07-18,,
E-DEMO-NM-0054,DEMO-NM-0054,2025-02-23,2025-10-23,guardianship
E-DEMO-NM-0055,DEMO-NM-0055,2025-02-18,,
E-DEMO-NM-0056,DEMO-NM-0056,2024-04-16,2025-03-03,adoption
E-DEMO-NM-0057,DEMO-NM-0057,2024-10-31,2025-04-15,reunification
E-DEMO-NM-0058,DEMO-NM-0058,2024-10-12,2025-02-12,guardianship
E-DEMO-NM-0059,DEMO-NM-0059,2023-12-16,2025-06-27,adoption
E-DEMO-NM-0060,DEMO-NM-0060,2023-03-30,2024-04-11,other
E-DEMO-NM-0061,DEMO-NM-0061,2023-07-26,2025-05-13,reunification
E-DEMO-NM-0062,DEMO-NM-0062,2023-12-07,2024-07-23,guardianship
E-DEMO-NM-0063,DEMO-NM-0063,2024-03-05,,
E-DEMO-NM-0064,DEMO-NM-0064,2024-04-26,2025-04-20,guardianship
E-DEMO-NM-0065,DEMO-NM-0065,2024-05-04,,
E-DEMO-NM-0066,DEMO-NM-0066,2023-03-29,2024-03-23,other
E-DEMO-NM-0067,DEMO-NM-0067,2023-04-21,2023-12-11,adoption
E-DEMO-NM-0068,DEMO-NM-0068,2025-05-12,,
E-DEMO-NM-0069,DEMO-NM-0069,2024-05-24,2025-06-16,adoption
E-DEMO-NM-0070,DEMO-NM-0070,2023-08-23,2024-12-21,guardianship
E-DEMO-NM-0071,DEMO-NM-0071,2023-07-08,2025-03-14,reunification
E-DEMO-NM-0072,DEMO-NM-0072,2023-12-05,2024-12-11,reunification
E-DEMO-NM-0073,DEMO-NM-0073,2024-04-21,,
E-DEMO-NM-0074,DEMO-NM-0074,2025-05-19,,
E-DEMO-NM-0075,DEMO-NM-0075,2025-02-07,2025-12-06,other
E-DEMO-NM-0076,DEMO-NM-0076,2025-07-21,,
E-DEMO-NM-0077,DEMO-NM-0077,2025-03-07,,
E-DEMO-NM-0078,DEMO-NM-0078,2024-02-20,2024-05-08,reunification
E-DEMO-NM-0079,DEMO-NM-0079,2023-11-16,2025-09-14,other
E-DEMO-NM-0080,DEMO-NM-0080,2023-10-16,2025-10-10,adoption
E-DEMO-NM-0081,DEMO-NM-0081,2024-02-26,,
E-DEMO-NM-0082,DEMO-NM-0082,2023-01-24,2024-10-02,adoption
E-DEMO-NM-0083,DEMO-NM-0083,2023-04-08,2024-01-15,reunification
E-DEMO-NM-0084,DEMO-NM-0084,2025-07-28,,
E-DEMO-NM-0085,DEMO-NM-0085,2023-06-07,2025-09-18,adoption
E-DEMO-NM-0086,DEMO-NM-0086,2023-02-22,2024-09-02,adoption
E-DEMO-NM-0087,DEMO-NM-0087,2024-09-30,,
E-DEMO-NM-0088,DEMO-NM-0088,2023-02-18,2025-01-12,other
E-DEMO-NM-0089,DEMO-NM-0089,2023-01-18,2025-04-08,adoption
E-DEMO-NM-0090,DEMO-NM-0090,2025-05-23,,
E-DEMO-NM-0091,DEMO-NM-0091,2023-01-06,2024-12-09,reunification
E-DEMO-NM-0092,DEMO-NM-0092,2023-10-30,2024-06-09,reunification
E-DEMO-NM-0093,DEMO-NM-0093,2025-06-18,,
E-DEMO-NM-0094,DEMO-NM-0094,2023-09-15,2025-12-11,reunification
E-DEMO-NM-0095,DEMO-NM-0095,2024-10-07,2025-06-01,other
E-DEMO-NM-0096,DEMO-NM-0096,2025-04-22,2025-12-06,guardianship
E-DEMO-NM-0097,DEMO-NM-0097,2025-06-02,2025-08-17,reunification
E-DEMO-NM-0098,DEMO-NM-0098,2023-03-21,2024-08-15,guardianship
E-DEMO-NM-0099,DEMO-NM-0099,2023-09-19,2025-02-25,other
E-DEMO-NM-0100,DEMO-NM-0100,2025-09-24,,
E-DEMO-NM-0101,DEMO-NM-0101,2023-09-06,2025-01-27,other
E-DEMO-NM-0102,DEMO-NM-0102,2025-07-19,,
E-DEMO-NM-0103,DEMO-NM-0103,2023-04-01,2023-05-29,reunification
E-DEMO-NM-0104,DEMO-NM-0104,2024-10-28,,
E-DEMO-NM-0105,DEMO-NM-0105,2025-08-05,,
E-DEMO-NM-0106,DEMO-NM-0106,2023-01-30,2023-09-18,adoption
E-DEMO-NM-0107,DEMO-NM-0107,2023-12-29,2024-06-02,reunification
E-DEMO-NM-0108,DEMO-NM-0108,2025-07-04,,
E-DEMO-NM-0109,DEMO-NM-0109,2025-09-04,,
E-DEMO-NM-0110,DEMO-NM-0110,2024-08-12,2024-12-28,other
E-DEMO-NM-0111,DEMO-NM-0111,2025-06-09,,
E-DEMO-NM-0112,DEMO-NM-0112,2025-02-28,2025-09-08,other
E-DEMO-NM-0113,DEMO-NM-0113,2023-06-20,2025-09-12,guardianship
E-DEMO-NM-0114,DEMO-NM-0114,2023-03-08,2023-05-22,guardianship
E-DEMO-NM-0115,DEMO-NM-0115,2025-01-17,,
E-DEMO-NM-0116,DEMO-NM-0116,2023-02-06,2024-03-10,guardianship
E-DEMO-NM-0117,DEMO-NM-0117,2025-04-15,,
E-DEMO-NM-0118,DEMO-NM-0118,2023-10-12,2024-02-22,other
E-DEMO-NM-0119,DEMO-NM-0119,2025-04-14,,
E-DEMO-NM-0120,DEMO-NM-0120,2023-02-02,2023-05-24,guardianship
E-DEMO-NM-0121,DEMO-NM-0121,2024-02-07,,
E-DEMO-NM-0122,DEMO-NM-0122,2025-03-27,2025-05-24,adoption
E-DEMO-NM-0123,DEMO-NM-0123,2023-12-02,2024-09-18,other
E-DEMO-NM-0124,DEMO-NM-0124,2024-02-18,2025-12-18,other
E-DEMO-NM-0125,DEMO-NM-0125,2024-04-08,2025-05-04,other
E-DEMO-NM-0126,DEMO-NM-0126,2024-10-31,2025-07-08,other
E-DEMO-NM-0127,DEMO-NM-0127,2023-05-08,2024-04-21,reunification
E-DEMO-NM-0128,DEMO-NM-0128,2024-12-26,,
E-DEMO-NM-0129,DEMO-NM-0129,2025-05-16,2025-11-02,guardianship
E-DEMO-NM-0130,DEMO-NM-0130,2023-04-28,2023-06-12,adoption
E-DEMO-NM-0131,DEMO-NM-0131,2023-04-26,2023-09-25,adoption
E-DEMO-NM-0132,DEMO-NM-0132,2024-11-25,2025-09-21,other
E-DEMO-NM-0133,DEMO-NM-0133,2024-10-19,,
E-DEMO-NM-0134,DEMO-NM-0134,2023-03-07,2024-09-02,reunification
E-DEMO-NM-0135,DEMO-NM-0135,2023-02-12,2023-10-07,reunification
E-DEMO-NM-0136,DEMO-NM-0136,2025-02-23,2025-12-05,adoption
E-DEMO-NM-0137,DEMO-NM-0137,2023-10-10,2024-09-25,guardianship
E-DEMO-NM-0138,DEMO-NM-0138,2024-07-24,,
E-DEMO-NM-0139,DEMO-NM-0139,2024-01-03,2025-09-27,guardianship
E-DEMO-NM-0140,DEMO-NM-0140,2024-09-12,2025-08-09,reunification
E-DEMO-NM-0141,DEMO-NM-0141,2023-05-26,2025-03-24,other
E-DEMO-NM-0142,DEMO-NM-0142,2023-01-07,2024-11-13,adoption
E-DEMO-NM-0143,DEMO-NM-0143,2023-06-27,2025-07-04,adoption
E-DEMO-NM-0144,DEMO-NM-0144,2023-02-22,2024-04-15,other
E-DEMO-NM-0145,DEMO-NM-0145,2023-04-25,2025-04-12,guardianship
E-DEMO-NM-0146,DEMO-NM-0146,2024-07-12,2025-02-28,adoption
E-DEMO-NM-0147,DEMO-NM-0147,2023-07-23,2025-10-03,adoption
E-DEMO-NM-0148,DEMO-NM-0148,2024-01-11,2025-01-16,reunification
E-DEMO-NM-0149,DEMO-NM-0149,2023-06-07,2024-06-11,guardianship
E-DEMO-NM-0150,DEMO-NM-0150,2023-01-09,2024-03-24,adoption
E-DEMO-NM-0151,DEMO-NM-0151,2024-02-21,,
E-DEMO-NM-0152,DEMO-NM-0152,2023-04-18,2024-02-04,other
E-DEMO-NM-0153,DEMO-NM-0153,2023-12-27,2025-03-26,reunification
E-DEMO-NM-0154,DEMO-NM-0154,2024-09-24,2025-04-18,adoption
E-DEMO-NM-0155,DEMO-NM-0155,2025-09-25,,
E-DEMO-NM-0156,DEMO-NM-0156,2024-11-01,,
E-DEMO-NM-0157,DEMO-NM-0157,2024-11-04,2025-09-10,other
E-DEMO-NM-0158,DEMO-NM-0158,2024-07-03,,
E-DEMO-NM-0159,DEMO-NM-0159,2023-11-05,2025-03-01,other
E-DEMO-NM-0160,DEMO-NM-0160,2023-02-23,2024-01-28,other
E-DEMO-NM-0161,DEMO-NM-0161,2025-04-14,,
E-DEMO-NM-0162,DEMO-NM-0162,2024-07-27,,
E-DEMO-NM-0163,DEMO-NM-0163,2023-05-10,2023-10-30,other
E-DEMO-NM-0164,DEMO-NM-0164,2023-04-14,2024-06-25,other
E-DEMO-NM-0165,DEMO-NM-0165,2023-11-05,2025-02-24,other
E-DEMO-NM-0166,DEMO-NM-0166,2023-01-30,2024-09-26,guardianship
E-DEMO-NM-0167,DEMO-NM-0167,2023-03-20,2024-05-06,other
E-DEMO-NM-0168,DEMO-NM-0168,2024-05-25,,
E-DEMO-NM-0169,DEMO-NM-0169,2025-07-30,,
E-DEMO-NM-0170,DEMO-NM-0170,2024-07-29,2025-10-29,guardianship
E-DEMO-NM-0171,DEMO-NM-0171,2025-08-05,,
E-DEMO-NM-0172,DEMO-NM-0172,2025-01-12,2025-09-02,guardianship
E-DEMO-NM-0173,DEMO-NM-0173,2023-03-09,2023-05-10,other
E-DEMO-NM-0174,DEMO-NM-0174,2025-05-22,,
E-DEMO-NM-0175,DEMO-NM-0175,2023-03-06,2024-09-17,other
E-DEMO-NM-0176,DEMO-NM-0176,2025-03-16,2025-10-14,guardianship
E-DEMO-NM-0177,DEMO-NM-0177,2023-09-06,2025-09-16,reunification
E-DEMO-NM-0178,DEMO-NM-0178,2025-06-06,,
E-DEMO-NM-0179,DEMO-NM-0179,2023-12-28,2025-12-10,reunification
E-DEMO-NM-0180,DEMO-NM-0180,2023-03-28,2025-01-10,adoption
E-DEMO-NM-0181,DEMO-NM-0181,2024-06-29,,
E-DEMO-NM-0182,DEMO-NM-0182,2023-04-03,2025-01-30,other
E-DEMO-NM-0183,DEMO-NM-0183,2024-01-08,2024-10-29,other
E-DEMO-NM-0184,DEMO-NM-0184,2025-09-04,,
E-DEMO-NM-0185,DEMO-NM-0185,2023-11-22,,
E-DEMO-NM-0186,DEMO-NM-0186,2025-01-08,,
E-DEMO-NM-0187,DEMO-NM-0187,2023-08-02,2023-11-04,guardianship
E-DEMO-NM-0188,DEMO-NM-0188,2024-10-07,2025-09-13,guardianship
E-DEMO-NM-0189,DEMO-NM-0189,2024-02-13,2024-11-30,reunification
E-DEMO-NM-0190,DEMO-NM-0190,2025-04-02,,
E-DEMO-NM-0191,DEMO-NM-0191,2024-07-20,2025-03-18,guardianship
E-DEMO-NM-0192,DEMO-NM-0192,2024-08-04,,
E-DEMO-NM-0193,DEMO-NM-0193,2023-08-07,2023-11-16,reunification
E-DEMO-NM-0194,DEMO-NM-0194,2024-03-20,,
E-DEMO-NM-0195,DEMO-NM-0195,2023-03-23,2023-09-08,adoption
E-DEMO-NM-0196,DEMO-NM-0196,2025-06-10,,
E-DEMO-NM-0197,DEMO-NM-0197,2023-02-03,2023-11-05,other
E-DEMO-NM-0198,DEMO-NM-0198,2023-10-07,2024-11-19,adoption
E-DEMO-NM-0199,DEMO-NM-0199,2024-02-10,,
E-DEMO-NM-0200,DEMO-NM-0200,2024-06-07,,
E-DEMO-NM-0201,DEMO-NM-0201,2025-07-25,,
E-DEMO-NM-0202,DEMO-NM-0202,2023-08-29,2024-02-01,other
E-DEMO-NM-0203,DEMO-NM-0203,2023-06-24,2024-05-29,reunification
E-DEMO-NM-0204,DEMO-NM-0204,2025-05-21,2025-07-06,other
E-DEMO-NM-0205,DEMO-NM-0205,2025-05-20,2025-08-05,other
E-DEMO-NM-0206,DEMO-NM-0206,2024-10-20,,
E-DEMO-NM-0207,DEMO-NM-0207,2025-06-29,,
E-DEMO-NM-0208,DEMO-NM-0208,2024-02-23,2025-10-05,reunification
E-DEMO-NM-0209,DEMO-NM-0209,2024-08-28,,
E-DEMO-NM-0210,DEMO-NM-0210,2024-01-23,2024-04-10,other
E-DEMO-NM-0211,DEMO-NM-0211,2024-11-02,,
E-DEMO-NM-0212,DEMO-NM-0212,2023-02-23,2025-02-24,other
E-DEMO-NM-0213,DEMO-NM-0213,2024-12-09,,
E-DEMO-NM-0214,DEMO-NM-0214,2025-02-16,,
E-DEMO-NM-0215,DEMO-NM-0215,2024-10-18,2025-10-24,other
E-DEMO-NM-0216,DEMO-NM-0216,2023-10-13,2024-05-25,guardianship
E-DEMO-NM-0217,DEMO-NM-0217,2025-06-10,2025-11-21,reunification
E-DEMO-NM-0218,DEMO-NM-0218,2024-03-22,2025-10-24,guardianship
E-DEMO-NM-0219,DEMO-NM-0219,2023-01-27,2024-08-16,other
E-DEMO-NM-0220,DEMO-NM-0220,2024-01-07,2024-12-23,reunification
E-DEMO-NM-0221,DEMO-NM-0221,2025-02-01,2025-05-29,guardianship
E-DEMO-NM-0222,DEMO-NM-0222,2025-04-29,,
E-DEMO-NM-0223,DEMO-NM-0223,2024-07-15,2025-08-03,guardianship
E-DEMO-NM-0224,DEMO-NM-0224,2024-06-06,2025-02-13,adoption
E-DEMO-NM-0225,DEMO-NM-0225,2024-10-31,2025-08-01,adoption
E-DEMO-NM-0226,DEMO-NM-0226,2024-02-25,2024-12-06,guardianship
E-DEMO-NM-0227,DEMO-NM-0227,2024-11-15,,
E-DEMO-NM-0228,DEMO-NM-0228,2023-04-24,2024-05-28,other
E-DEMO-NM-0229,DEMO-NM-0229,2024-08-29,,
E-DEMO-NM-0230,DEMO-NM-0230,2024-04-24,2024-11-06,adoption
E-DEMO-NM-0231,DEMO-NM-0231,2025-08-20,,
E-DEMO-NM-0232,DEMO-NM-0232,2024-07-20,,
E-DEMO-NM-0233,DEMO-NM-0233,2024-03-31,,
E-DEMO-NM-0234,DEMO-NM-0234,2023-09-20,2025-08-23,other
E-DEMO-NM-0235,DEMO-NM-0235,2023-02-11,2024-04-01,guardianship
E-DEMO-NM-0236,DEMO-NM-0236,2023-06-29,2025-06-14,adoption
E-DEMO-NM-0237,DEMO-NM-0237,2024-04-11,2025-01-15,other
E-DEMO-NM-0238,DEMO-NM-0238,2024-09-10,2025-10-10,reunification
E-DEMO-NM-0239,DEMO-NM-0239,2025-07-21,2025-12-24,guardianship
E-DEMO-NM-0240,DEMO-NM-0240,2025-09-09,,
E-DEMO-NM-0241,DEMO-NM-0241,2024-04-27,2025-05-16,guardianship
E-DEMO-NM-0242,DEMO-NM-0242,2025-02-16,2025-11-05,adoption
E-DEMO-NM-0243,DEMO-NM-0243,2023-01-31,2024-09-25,other
E-DEMO-NM-0244,DEMO-NM-0244,2023-01-08,2024-10-03,reunification
E-DEMO-NM-0245,DEMO-NM-0245,2023-06-14,2025-09-24,reunification
E-DEMO-NM-0246,DEMO-NM-0246,2025-08-30,,
E-DEMO-NM-0247,DEMO-NM-0247,2025-06-06,,
E-DEMO-NM-0248,DEMO-NM-0248,2023-08-01,2025-09-15,reunification
E-DEMO-NM-0249,DEMO-NM-0249,2023-09-30,2024-12-24,other
E-DEMO-NM-0250,DEMO-NM-0250,2024-12-17,2025-02-19,other
E-DEMO-NM-0251,DEMO-NM-0251,2024-06-25,2025-03-12,other
E-DEMO-NM-0252,DEMO-NM-0252,2025-08-26,,
E-DEMO-NM-0253,DEMO-NM-0253,2024-09-07,2024-12-09,reunification
E-DEMO-NM-0254,DEMO-NM-0254,2024-05-19,2025-03-31,guardianship
E-DEMO-NM-0255,DEMO-NM-0255,2025-04-21,,
E-DEMO-NM-0256,DEMO-NM-0256,2023-05-22,2023-11-17,other
E-DEMO-NM-0257,DEMO-NM-0257,2023-10-14,2025-09-09,guardianship
E-DEMO-NM-0258,DEMO-NM-0258,2023-04-04,2024-12-15,adoption
E-DEMO-NM-0259,DEMO-NM-0259,2023-10-28,2024-02-04,other
E-DEMO-NM-0260,DEMO-NM-0260,2024-03-17,,
E-DEMO-NM-0261,DEMO-NM-0261,2023-02-27,2024-01-14,other
E-DEMO-NM-0262,DEMO-NM-0262,2025-04-15,2025-08-11,guardianship
E-DEMO-NM-0263,DEMO-NM-0263,2023-12-19,2025-08-01,reunification
E-DEMO-NM-0264,DEMO-NM-0264,2024-06-30,,
E-DEMO-NM-0265,DEMO-NM-0265,2025-02-07,2025-08-29,guardianship
E-DEMO-NM-0266,DEMO-NM-0266,2025-04-11,2025-06-12,adoption
E-DEMO-NM-0267,DEMO-NM-0267,2024-12-08,,
E-DEMO-NM-0268,DEMO-NM-0268,2023-09-27,2024-11-27,reunification
E-DEMO-NM-0269,DEMO-NM-0269,2024-09-26,,
E-DEMO-NM-0270,DEMO-NM-0270,2025-05-11,,
E-DEMO-NM-0271,DEMO-NM-0271,2023-11-14,2024-09-29,other
E-DEMO-NM-0272,DEMO-NM-0272,2024-06-16,,
E-DEMO-NM-0273,DEMO-NM-0273,2024-11-09,2025-05-27,other
E-DEMO-NM-0274,DEMO-NM-0274,2023-02-02,2024-11-03,reunification
E-DEMO-NM-0275,DEMO-NM-0275,2024-04-02,,
E-DEMO-NM-0276,DEMO-NM-0276,2024-02-04,2025-08-12,adoption
E-DEMO-NM-0277,DEMO-NM-0277,2024-08-31,2025-04-02,adoption
E-DEMO-NM-0278,DEMO-NM-0278,2025-07-04,,
E-DEMO-NM-0279,DEMO-NM-0279,2023-06-27,2025-08-27,other
E-DEMO-NM-0280,DEMO-NM-0280,2025-08-02,,
E-DEMO-NM-0281,DEMO-NM-0281,2024-12-17,,
E-DEMO-NM-0282,DEMO-NM-0282,2024-09-02,2025-08-24,guardianship
E-DEMO-NM-0283,DEMO-NM-0283,2024-03-27,,
E-DEMO-NM-0284,DEMO-NM-0284,2023-05-22,2025-09-16,other
E-DEMO-NM-0285,DEMO-NM-0285,2025-03-19,,
E-DEMO-NM-0286,DEMO-NM-0286,2025-03-22,,
E-DEMO-NM-0287,DEMO-NM-0287,2024-01-04,2025-06-29,other
E-DEMO-NM-0288,DEMO-NM-0288,2023-10-14,2025-03-15,guardianship
E-DEMO-NM-0289,DEMO-NM-0289,2024-02-06,2025-01-26,other
E-DEMO-NM-0290,DEMO-NM-0290,2023-04-07,2024-09-06,other
E-DEMO-NM-0291,DEMO-NM-0291,2023-11-06,2025-06-18,other
E-DEMO-NM-0292,DEMO-NM-0292,2023-12-16,,
E-DEMO-NM-0293,DEMO-NM-0293,2023-03-17,2024-01-24,other
E-DEMO-NM-0294,DEMO-NM-0294,2025-07-30,,
E-DEMO-NM-0295,DEMO-NM-0295,2025-01-31,,
E-DEMO-NM-0296,DEMO-NM-0296,2024-03-06,2024-06-07,guardianship
E-DEMO-NM-0297,DEMO-NM-0297,2024-06-19,2025-07-02,reunification
E-DEMO-NM-0298,DEMO-NM-0298,2025-04-20,2025-09-05,guardianship
E-DEMO-NM-0299,DEMO-NM-0299,2023-01-08,2023-12-10,guardianship
E-DEMO-NM-0300,DEMO-NM-0300,2023-04-30,2023-06-20,reunification
E-DEMO-NM-0301,DEMO-NM-0301,2024-02-12,2025-12-10,reunification
E-DEMO-NM-0302,DEMO-NM-0302,2024-02-15,2024-12-08,reunification
E-DEMO-NM-0303,DEMO-NM-0303,2025-03-07,,
E-DEMO-NM-0304,DEMO-NM-0304,2025-09-26,,
E-DEMO-NM-0305,DEMO-NM-0305,2024-04-18,2025-10-03,adoption
E-DEMO-NM-0306,DEMO-NM-0306,2025-04-21,,
E-DEMO-NM-0307,DEMO-NM-0307,2025-08-08,,
E-DEMO-NM-0308,DEMO-NM-0308,2025-07-14,,
E-DEMO-NM-0309,DEMO-NM-0309,2023-10-17,2025-12-01,adoption
E-DEMO-NM-0310,DEMO-NM-0310,2023-01-03,2024-01-14,adoption
E-DEMO-NM-0311,DEMO-NM-0311,2024-04-23,2025-04-29,reunification
E-DEMO-NM-0312,DEMO-NM-0312,2023-09-23,2024-11-25,other
E-DEMO-NM-0313,DEMO-NM-0313,2024-03-28,2025-01-06,guardianship
E-DEMO-NM-0314,DEMO-NM-0314,2023-10-27,,
E-DEMO-NM-0315,DEMO-NM-0315,2024-05-12,2025-03-03,other
E-DEMO-NM-0316,DEMO-NM-0316,2025-03-26,,
E-DEMO-NM-0317,DEMO-NM-0317,2023-04-01,2024-11-07,reunification
E-DEMO-NM-0318,DEMO-NM-0318,2023-03-03,2024-07-26,adoption
E-DEMO-NM-0319,DEMO-NM-0319,2025-09-18,,
E-DEMO-NM-0320,DEMO-NM-0320,2024-08-13,2025-03-24,reunification
E-DEMO-NM-0321,DEMO-NM-0321,2024-05-08,2024-07-12,other
E-DEMO-NM-0322,DEMO-NM-0322,2024-03-31,2024-07-09,other
E-DEMO-NM-0323,DEMO-NM-0323,2025-07-26,,
E-DEMO-NM-0324,DEMO-NM-0324,2024-03-01,2024-08-16,other
E-DEMO-NM-0325,DEMO-NM-0325,2024-10-16,,
E-DEMO-NM-0326,DEMO-NM-0326,2024-10-17,,
E-DEMO-NM-0327,DEMO-NM-0327,2023-03-05,2024-12-04,reunification
E-DEMO-NM-0328,DEMO-NM-0328,2024-06-12,2024-10-05,adoption
E-DEMO-NM-0329,DEMO-NM-0329,2025-02-01,,
E-DEMO-NM-0330,DEMO-NM-0330,2023-08-16,2025-05-23,guardianship
E-DEMO-NM-0331,DEMO-NM-0331,2024-05-04,,
E-DEMO-NM-0332,DEMO-NM-0332,2025-09-11,,
E-DEMO-NM-0333,DEMO-NM-0333,2024-06-18,,
E-DEMO-NM-0334,DEMO-NM-0334,2023-06-08,2023-09-27,reunification
E-DEMO-NM-0335,DEMO-NM-0335,2025-03-08,2025-07-23,other
E-DEMO-NM-0336,DEMO-NM-0336,2023-04-25,2024-08-02,adoption
E-DEMO-NM-0337,DEMO-NM-0337,2024-02-05,2024-05-06,reunification
E-DEMO-NM-0338,DEMO-NM-0338,2024-07-09,,
E-DEMO-NM-0339,DEMO-NM-0339,2023-12-23,2025-08-29,guardianship
E-DEMO-NM-0340,DEMO-NM-0340,2023-04-29,2025-05-02,adoption
E-DEMO-NM-0341,DEMO-NM-0341,2025-06-08,,
E-DEMO-NM-0342,DEMO-NM-0342,2024-03-06,2024-04-22,reunification
E-DEMO-NM-0343,DEMO-NM-0343,2024-08-29,,
E-DEMO-NM-0344,DEMO-NM-0344,2024-04-05,2025-07-10,reunification
E-DEMO-NM-0345,DEMO-NM-0345,2025-03-09,,
E-DEMO-NM-0346,DEMO-NM-0346,2024-12-21,,
E-DEMO-NM-0347,DEMO-NM-0347,2023-12-02,2025-09-05,reunification
E-DEMO-NM-0348,DEMO-NM-0348,2023-11-17,2024-12-27,guardianship
E-DEMO-NM-0349,DEMO-NM-0349,2025-09-12,,
E-DEMO-NM-0350,DEMO-NM-0350,2024-11-15,,
E-DEMO-NM-0351,DEMO-NM-0351,2025-03-18,,
E-DEMO-NM-0352,DEMO-NM-0352,2023-06-30,2025-05-09,reunification
E-DEMO-NM-0353,DEMO-NM-0353,2024-06-28,2025-05-08,reunification
E-DEMO-NM-0354,DEMO-NM-0354,2024-10-08,,
E-DEMO-NM-0355,DEMO-NM-0355,2023-01-15,2025-02-08,guardianship
E-DEMO-NM-0356,DEMO-NM-0356,2023-02-14,2024-12-12,adoption
E-DEMO-NM-0357,DEMO-NM-0357,2023-10-02,2025-12-15,guardianship
E-DEMO-NM-0358,DEMO-NM-0358,2024-10-12,2025-03-16,reunification
E-DEMO-NM-0359,DEMO-NM-0359,2024-09-29,2024-11-25,adoption
E-DEMO-NM-0360,DEMO-NM-0360,2023-05-14,2025-06-21,guardianship
E-DEMO-NM-0361,DEMO-NM-0361,2023-02-12,2025-05-30,reunification
E-DEMO-NM-0362,DEMO-NM-0362,2024-12-04,2025-10-11,guardianship
E-DEMO-NM-0363,DEMO-NM-0363,2025-09-05,,
E-DEMO-NM-0364,DEMO-NM-0364,2023-01-25,2023-07-11,guardianship
E-DEMO-NM-0365,DEMO-NM-0365,2025-05-03,,
E-DEMO-NM-0366,DEMO-NM-0366,2025-07-29,,
E-DEMO-NM-0367,DEMO-NM-0367,2023-03-08,2023-08-02,reunification
E-DEMO-NM-0368,DEMO-NM-0368,2023-05-08,2024-10-23,reunification
E-DEMO-NM-0369,DEMO-NM-0369,2024-09-09,,
E-DEMO-NM-0370,DEMO-NM-0370,2023-05-17,2024-08-13,adoption
E-DEMO-NM-0371,DEMO-NM-0371,2023-06-10,2025-06-30,other
E-DEMO-NM-0372,DEMO-NM-0372,2025-06-19,,
E-DEMO-NM-0373,DEMO-NM-0373,2024-05-12,2025-08-08,other
E-DEMO-NM-0374,DEMO-NM-0374,2023-03-10,2023-12-16,adoption
E-DEMO-NM-0375,DEMO-NM-0375,2023-11-07,2024-10-28,adoption
E-DEMO-NM-0376,DEMO-NM-0376,2023-04-10,2025-02-15,other
E-DEMO-NM-0377,DEMO-NM-0377,2023-04-12,2025-07-22,adoption
E-DEMO-NM-0378,DEMO-NM-0378,2023-08-26,2023-10-10,reunification
E-DEMO-NM-0379,DEMO-NM-0379,2023-09-02,2024-05-07,reunification
E-DEMO-NM-0380,DEMO-NM-0380,2025-04-01,,
E-DEMO-NM-0381,DEMO-NM-0381,2023-01-17,2024-05-12,guardianship
E-DEMO-NM-0382,DEMO-NM-0382,2023-02-06,2023-06-14,adoption
E-DEMO-NM-0383,DEMO-NM-0383,2024-09-12,2025-11-12,guardianship
E-DEMO-NM-0384,DEMO-NM-0384,2024-03-08,,
E-DEMO-NM-0385,DEMO-NM-0385,2023-02-24,2024-03-05,reunification
E-DEMO-NM-0386,DEMO-NM-0386,2025-04-13,,
E-DEMO-NM-0387,DEMO-NM-0387,2024-10-30,2025-11-25,guardianship
E-DEMO-NM-0388,DEMO-NM-0388,2024-01-31,2025-09-22,other
E-DEMO-NM-0389,DEMO-NM-0389,2025-03-11,2025-08-07,reunification
E-DEMO-NM-0390,DEMO-NM-0390,2025-09-23,,
E-DEMO-NM-0391,DEMO-NM-0391,2024-04-28,,
E-DEMO-NM-0392,DEMO-NM-0392,2025-02-25,2025-06-14,other
E-DEMO-NM-0393,DEMO-NM-0393,2024-02-27,2024-06-22,other
E-DEMO-NM-0394,DEMO-NM-0394,2023-08-10,2024-11-12,guardianship
E-DEMO-NM-0395,DEMO-NM-0395,2023-12-19,2024-03-21,guardianship
E-DEMO-NM-0396,DEMO-NM-0396,2025-02-27,,
E-DEMO-NM-0397,DEMO-NM-0397,2025-07-22,,
E-DEMO-NM-0398,DEMO-NM-0398,2024-06-14,2025-04-17,guardianship
E-DEMO-NM-0399,DEMO-NM-0399,2025-08-30,,
E-DEMO-NM-0400,DEMO-NM-0400,2024-02-02,2024-09-21,reunification
E-DEMO-TX-0001,DEMO-TX-0001,2023-10-31,2025-10-21,reunification
E-DEMO-TX-0002,DEMO-TX-0002,2023-08-04,2025-02-05,guardianship
E-DEMO-TX-0003,DEMO-TX-0003,2023-03-21,2023-10-21,guardianship
E-DEMO-TX-0004,DEMO-TX-0004,2023-07-10,2025-02-14,adoption
E-DEMO-TX-0005,DEMO-TX-0005,2023-08-16,2025-05-06,adoption
E-DEMO-TX-0006,DEMO-TX-0006,2023-05-04,2024-02-04,reunification
E-DEMO-TX-0007,DEMO-TX-0007,2025-06-15,,
E-DEMO-TX-0008,DEMO-TX-0008,2025-08-22,,
E-DEMO-TX-0009,DEMO-TX-0009,2023-11-30,2024-01-21,adoption
E-DEMO-TX-0010,DEMO-TX-0010,2023-07-13,2024-03-15,other
E-DEMO-TX-0011,DEMO-TX-0011,2024-03-28,,
E-DEMO-TX-0012,DEMO-TX-0012,2023-05-11,2023-07-28,adoption
E-DEMO-TX-0013,DEMO-TX-0013,2023-09-23,2024-12-15,other
E-DEMO-TX-0014,DEMO-TX-0014,2023-10-29,2025-10-07,adoption
E-DEMO-TX-0015,DEMO-TX-0015,2024-02-15,2025-11-28,guardianship
E-DEMO-TX-0016,DEMO-TX-0016,2023-03-28,2023-09-09,guardianship
E-DEMO-TX-0017,DEMO-TX-0017,2023-03-07,2024-01-14,other
E-DEMO-TX-0018,DEMO-TX-0018,2023-06-08,2024-01-30,adoption
E-DEMO-TX-0019,DEMO-TX-0019,2024-09-22,,
E-DEMO-TX-0020,DEMO-TX-0020,2024-02-29,2025-09-22,other
E-DEMO-TX-0021,DEMO-TX-0021,2024-02-09,2025-05-29,adoption
E-DEMO-TX-0022,DEMO-TX-0022,2024-01-30,2025-10-15,adoption
E-DEMO-TX-0023,DEMO-TX-0023,2024-07-26,2025-08-15,adoption
E-DEMO-TX-0024,DEMO-TX-0024,2025-07-30,,
E-DEMO-TX-0025,DEMO-TX-0025,2023-11-04,2025-10-29,adoption
E-DEMO-TX-0026,DEMO-TX-0026,2023-07-19,2024-08-28,reunification
E-DEMO-TX-0027,DEMO-TX-0027,2024-03-27,2024-09-22,reunification
E-DEMO-TX-0028,DEMO-TX-0028,2024-02-06,2025-10-24,reunification
E-DEMO-TX-0029,DEMO-TX-0029,2023-01-14,2024-03-06,reunification
E-DEMO-TX-0030,DEMO-TX-0030,2024-02-01,2024-08-11,reunification
E-DEMO-TX-0031,DEMO-TX-0031,2025-03-02,,
E-DEMO-TX-0032,DEMO-TX-0032,2023-10-21,2025-12-16,reunification
E-DEMO-TX-0033,DEMO-TX-0033,2024-07-29,2025-02-26,reunification
E-DEMO-TX-0034,DEMO-TX-0034,2023-12-25,2024-05-22,adoption
E-DEMO-TX-0035,DEMO-TX-0035,2025-07-01,,
E-DEMO-TX-0036,DEMO-TX-0036,2024-08-08,,
E-DEMO-TX-0037,DEMO-TX-0037,2025-08-28,,
E-DEMO-TX-0038,DEMO-TX-0038,2024-11-27,,
E-DEMO-TX-0039,DEMO-TX-0039,2025-05-27,2025-12-07,guardianship
E-DEMO-TX-0040,DEMO-TX-0040,2023-03-27,2024-06-28,other
E-DEMO-TX-0041,DEMO-TX-0041,2023-05-22,2025-08-12,adoption
E-DEMO-TX-0042,DEMO-TX-0042,2024-03-29,,
E-DEMO-TX-0043,DEMO-TX-0043,2024-07-07,2025-12-15,adoption
E-DEMO-TX-0044,DEMO-TX-0044,2024-07-31,2025-07-26,adoption
E-DEMO-TX-0045,DEMO-TX-0045,2024-01-22,2024-11-30,other
E-DEMO-TX-0046,DEMO-TX-0046,2024-07-27,,
E-DEMO-TX-0047,DEMO-TX-0047,2024-06-26,2024-11-11,other
E-DEMO-TX-0048,DEMO-TX-0048,2023-06-11,2023-09-21,other
E-DEMO-TX-0049,DEMO-TX-0049,2023-03-30,2024-03-30,guardianship
E-DEMO-TX-0050,DEMO-TX-0050,2023-07-06,2024-04-01,reunification
E-DEMO-TX-0051,DEMO-TX-0051,2023-07-21,2024-01-29,adoption
E-DEMO-TX-0052,DEMO-TX-0052,2023-12-14,2025-05-31,adoption
E-DEMO-TX-0053,DEMO-TX-0053,2024-07-26,2024-11-17,reunification
E-DEMO-TX-0054,DEMO-TX-0054,2025-02-27,,
E-DEMO-TX-0055,DEMO-TX-0055,2024-09-18,2025-11-03,reunification
E-DEMO-TX-0056,DEMO-TX-0056,2023-03-10,2023-12-04,reunification
E-DEMO-TX-0057,DEMO-TX-0057,2024-05-24,2025-09-17,reunification
E-DEMO-TX-0058,DEMO-TX-0058,2024-09-02,,
E-DEMO-TX-0059,DEMO-TX-0059,2024-01-28,2024-11-18,reunification
E-DEMO-TX-0060,DEMO-TX-0060,2025-06-04,2025-07-30,other
E-DEMO-TX-0061,DEMO-TX-0061,2023-10-20,2024-01-17,other
E-DEMO-TX-0062,DEMO-TX-0062,2023-05-14,2025-08-12,other
E-DEMO-TX-0063,DEMO-TX-0063,2024-11-19,2025-02-20,guardianship
E-DEMO-TX-0064,DEMO-TX-0064,2024-01-18,2025-06-25,adoption
E-DEMO-TX-0065,DEMO-TX-0065,2024-03-30,2024-05-21,guardianship
E-DEMO-TX-0066,DEMO-TX-0066,2024-09-12,2024-11-16,guardianship
E-DEMO-TX-0067,DEMO-TX-0067,2024-10-07,2025-07-20,reunification
E-DEMO-TX-0068,DEMO-TX-0068,2024-11-06,,
E-DEMO-TX-0069,DEMO-TX-0069,2023-10-03,2025-05-21,adoption
E-DEMO-TX-0070,DEMO-TX-0070,2023-06-14,2025-04-27,reunification
E-DEMO-TX-0071,DEMO-TX-0071,2023-10-18,,
E-DEMO-TX-0072,DEMO-TX-0072,2025-07-01,,
E-DEMO-TX-0073,DEMO-TX-0073,2023-05-23,2024-08-27,other
E-DEMO-TX-0074,DEMO-TX-0074,2023-12-20,,
E-DEMO-TX-0075,DEMO-TX-0075,2025-09-01,,
E-DEMO-TX-0076,DEMO-TX-0076,2024-03-26,2025-06-10,other
E-DEMO-TX-0077,DEMO-TX-0077,2023-01-17,2024-01-12,guardianship
E-DEMO-TX-0078,DEMO-TX-0078,2023-08-08,2025-04-20,other
E-DEMO-TX-0079,DEMO-TX-0079,2025-04-06,,
E-DEMO-TX-0080,DEMO-TX-0080,2024-03-05,,
E-DEMO-TX-0081,DEMO-TX-0081,2023-01-27,2025-02-05,adoption
E-DEMO-TX-0082,DEMO-TX-0082,2025-01-03,2025-09-23,reunification
E-DEMO-TX-0083,DEMO-TX-0083,2025-06-09,,
E-DEMO-TX-0084,DEMO-TX-0084,2023-09-22,2024-09-08,other
E-DEMO-TX-0085,DEMO-TX-0085,2024-10-08,,
E-DEMO-TX-0086,DEMO-TX-0086,2023-03-06,2023-08-15,reunification
E-DEMO-TX-0087,DEMO-TX-0087,2023-12-25,2025-05-09,guardianship
E-DEMO-TX-0088,DEMO-TX-0088,2023-04-21,2024-04-01,other
E-DEMO-TX-0089,DEMO-TX-0089,2025-08-31,,
E-DEMO-TX-0090,DEMO-TX-0090,2025-04-21,,
E-DEMO-TX-0091,DEMO-TX-0091,2025-04-28,,
E-DEMO-TX-0092,DEMO-TX-0092,2025-06-09,2025-09-30,reunification
E-DEMO-TX-0093,DEMO-TX-0093,2024-01-27,2024-04-07,adoption
E-DEMO-TX-0094,DEMO-TX-0094,2023-12-01,2025-05-26,reunification
E-DEMO-TX-0095,DEMO-TX-0095,2024-12-06,2025-06-13,other
E-DEMO-TX-0096,DEMO-TX-0096,2023-07-27,2025-05-31,reunification
E-DEMO-TX-0097,DEMO-TX-0097,2024-03-16,2025-04-28,adoption
E-DEMO-TX-0098,DEMO-TX-0098,2023-04-05,2024-01-10,other
E-DEMO-TX-0099,DEMO-TX-0099,2023-04-18,2024-08-20,guardianship
E-DEMO-TX-0100,DEMO-TX-0100,2025-02-11,2025-11-27,other
E-DEMO-TX-0101,DEMO-TX-0101,2024-10-28,2025-06-08,reunification
E-DEMO-TX-0102,DEMO-TX-0102,2023-10-16,2025-03-01,reunification
E-DEMO-TX-0103,DEMO-TX-0103,2024-05-17,,
E-DEMO-TX-0104,DEMO-TX-0104,2023-10-25,2025-09-03,adoption
E-DEMO-TX-0105,DEMO-TX-0105,2023-01-13,2024-09-02,guardianship
E-DEMO-TX-0106,DEMO-TX-0106,2023-02-25,2024-02-24,reunification
E-DEMO-TX-0107,DEMO-TX-0107,2024-07-16,,
E-DEMO-TX-0108,DEMO-TX-0108,2023-04-25,2024-12-10,other
E-DEMO-TX-0109,DEMO-TX-0109,2025-09-13,,
E-DEMO-TX-0110,DEMO-TX-0110,2023-12-03,2024-06-01,adoption
E-DEMO-TX-0111,DEMO-TX-0111,2024-01-02,2024-12-21,other
E-DEMO-TX-0112,DEMO-TX-0112,2024-11-24,,
E-DEMO-TX-0113,DEMO-TX-0113,2024-05-25,,
E-DEMO-TX-0114,DEMO-TX-0114,2023-09-08,2024-02-06,other
E-DEMO-TX-0115,DEMO-TX-0115,2023-02-01,2025-04-23,adoption
E-DEMO-TX-0116,DEMO-TX-0116,2024-12-16,,
E-DEMO-TX-0117,DEMO-TX-0117,2025-08-07,,
E-DEMO-TX-0118,DEMO-TX-0118,2023-11-05,2024-01-01,adoption
E-DEMO-TX-0119,DEMO-TX-0119,2023-09-22,2024-09-29,other
E-DEMO-TX-0120,DEMO-TX-0120,2025-08-06,,
E-DEMO-TX-0121,DEMO-TX-0121,2025-03-09,,
E-DEMO-TX-0122,DEMO-TX-0122,2024-03-20,2024-06-10,guardianship
E-DEMO-TX-0123,DEMO-TX-0123,2024-07-27,2025-09-30,adoption
E-DEMO-TX-0124,DEMO-TX-0124,2024-11-29,,
E-DEMO-TX-0125,DEMO-TX-0125,2023-03-19,2024-05-07,guardianship
E-DEMO-TX-0126,DEMO-TX-0126,2023-10-24,2024-05-20,reunification
E-DEMO-TX-0127,DEMO-TX-0127,2023-07-14,2025-07-25,guardianship
E-DEMO-TX-0128,DEMO-TX-0128,2023-07-15,2023-09-02,other
E-DEMO-TX-0129,DEMO-TX-0129,2023-04-28,2025-08-20,reunification
E-DEMO-TX-0130,DEMO-TX-0130,2025-06-07,,
E-DEMO-TX-0131,DEMO-TX-0131,2024-06-25,,
E-DEMO-TX-0132,DEMO-TX-0132,2025-01-26,,
E-DEMO-TX-0133,DEMO-TX-0133,2025-05-04,2025-11-13,reunification
E-DEMO-TX-0134,DEMO-TX-0134,2023-01-12,2024-03-24,guardianship
E-DEMO-TX-0135,DEMO-TX-0135,2023-08-16,2025-05-15,other
E-DEMO-TX-0136,DEMO-TX-0136,2023-02-18,2024-09-18,guardianship
E-DEMO-TX-0137,DEMO-TX-0137,2025-03-26,,
E-DEMO-TX-0138,DEMO-TX-0138,2023-06-13,2024-05-12,guardianship
E-DEMO-TX-0139,DEMO-TX-0139,2024-12-18,,
E-DEMO-TX-0140,DEMO-TX-0140,2024-05-11,2025-03-10,adoption
E-DEMO-TX-0141,DEMO-TX-0141,2025-09-24,,
E-DEMO-TX-0142,DEMO-TX-0142,2023-05-28,2024-11-05,adoption
E-DEMO-TX-0143,DEMO-TX-0143,2023-05-09,2024-09-19,reunification
E-DEMO-TX-0144,DEMO-TX-0144,2023-03-02,2023-10-10,reunification
E-DEMO-TX-0145,DEMO-TX-0145,2024-10-25,2025-07-27,guardianship
E-DEMO-TX-0146,DEMO-TX-0146,2023-01-01,2023-10-05,guardianship
E-DEMO-TX-0147,DEMO-TX-0147,2025-07-28,,
E-DEMO-TX-0148,DEMO-TX-0148,2023-04-29,2025-01-26,other
E-DEMO-TX-0149,DEMO-TX-0149,2025-02-11,,
E-DEMO-TX-0150,DEMO-TX-0150,2025-02-26,2025-09-10,guardianship
E-DEMO-TX-0151,DEMO-TX-0151,2024-08-03,2025-11-09,guardianship
E-DEMO-TX-0152,DEMO-TX-0152,2025-06-12,2025-09-26,guardianship
E-DEMO-TX-0153,DEMO-TX-0153,2023-12-01,2024-08-05,reunification
E-DEMO-TX-0154,DEMO-TX-0154,2025-01-29,2025-07-31,reunification
E-DEMO-TX-0155,DEMO-TX-0155,2023-12-09,2025-05-19,guardianship
E-DEMO-TX-0156,DEMO-TX-0156,2025-05-13,,
E-DEMO-TX-0157,DEMO-TX-0157,2025-06-26,,
E-DEMO-TX-0158,DEMO-TX-0158,2025-06-08,,
E-DEMO-TX-0159,DEMO-TX-0159,2023-11-21,2025-03-14,adoption
E-DEMO-TX-0160,DEMO-TX-0160,2024-07-17,2025-02-05,adoption
E-DEMO-TX-0161,DEMO-TX-0161,2024-04-14,2025-08-04,guardianship
E-DEMO-TX-0162,DEMO-TX-0162,2024-08-12,2024-12-04,adoption
E-DEMO-TX-0163,DEMO-TX-0163,2024-04-25,2025-12-02,other
E-DEMO-TX-0164,DEMO-TX-0164,2023-06-21,2024-12-06,other
E-DEMO-TX-0165,DEMO-TX-0165,2024-06-15,,
E-DEMO-TX-0166,DEMO-TX-0166,2023-11-11,2024-11-04,guardianship
E-DEMO-TX-0167,DEMO-TX-0167,2023-05-17,2024-10-13,guardianship
E-DEMO-TX-0168,DEMO-TX-0168,2023-02-05,2024-02-05,adoption
E-DEMO-TX-0169,DEMO-TX-0169,2024-02-16,,
E-DEMO-TX-0170,DEMO-TX-0170,2023-02-22,2024-05-21,other
E-DEMO-TX-0171,DEMO-TX-0171,2025-03-05,,
E-DEMO-TX-0172,DEMO-TX-0172,2024-08-06,,
E-DEMO-TX-0173,DEMO-TX-0173,2023-03-23,2024-10-01,guardianship
E-DEMO-TX-0174,DEMO-TX-0174,2023-02-01,2023-06-28,guardianship
E-DEMO-TX-0175,DEMO-TX-0175,2024-11-19,2025-07-09,adoption
E-DEMO-TX-0176,DEMO-TX-0176,2025-07-15,,
E-DEMO-TX-0177,DEMO-TX-0177,2024-10-31,,
E-DEMO-TX-0178,DEMO-TX-0178,2025-04-28,,
E-DEMO-TX-0179,DEMO-TX-0179,2024-04-06,2025-06-28,guardianship
E-DEMO-TX-0180,DEMO-TX-0180,2023-10-20,2025-08-16,guardianship
E-DEMO-TX-0181,DEMO-TX-0181,2025-08-29,,
E-DEMO-TX-0182,DEMO-TX-0182,2025-08-11,,
E-DEMO-TX-0183,DEMO-TX-0183,2023-12-28,2024-05-26,adoption
E-DEMO-TX-0184,DEMO-TX-0184,2024-02-15,,
E-DEMO-TX-0185,DEMO-TX-0185,2025-03-31,2025-07-27,reunification
E-DEMO-TX-0186,DEMO-TX-0186,2025-08-28,,
E-DEMO-TX-0187,DEMO-TX-0187,2024-12-24,,
E-DEMO-TX-0188,DEMO-TX-0188,2024-04-17,,
E-DEMO-TX-0189,DEMO-TX-0189,2025-06-25,,
E-DEMO-TX-0190,DEMO-TX-0190,2024-01-28,2024-03-24,adoption
E-DEMO-TX-0191,DEMO-TX-0191,2025-02-04,,
E-DEMO-TX-0192,DEMO-TX-0192,2024-03-12,2024-12-21,reunification
E-DEMO-TX-0193,DEMO-TX-0193,2023-08-20,2025-10-21,guardianship
E-DEMO-TX-0194,DEMO-TX-0194,2025-04-30,,
E-DEMO-TX-0195,DEMO-TX-0195,2025-04-28,,
E-DEMO-TX-0196,DEMO-TX-0196,2024-09-26,,
E-DEMO-TX-0197,DEMO-TX-0197,2025-08-22,,
E-DEMO-TX-0198,DEMO-TX-0198,2023-10-18,,
E-DEMO-TX-0199,DEMO-TX-0199,2023-05-28,2024-01-18,other
E-DEMO-TX-0200,DEMO-TX-0200,2024-02-16,,
E-DEMO-TX-0201,DEMO-TX-0201,2024-11-09,,
E-DEMO-TX-0202,DEMO-TX-0202,2024-10-30,,
E-DEMO-TX-0203,DEMO-TX-0203,2024-02-24,,
E-DEMO-TX-0204,DEMO-TX-0204,2024-09-26,,
E-DEMO-TX-0205,DEMO-TX-0205,2023-04-24,2023-11-30,reunification
E-DEMO-TX-0206,DEMO-TX-0206,2024-07-14,2025-06-14,guardianship
E-DEMO-TX-0207,DEMO-TX-0207,2023-10-21,2025-04-03,reunification
E-DEMO-TX-0208,DEMO-TX-0208,2025-05-14,,
E-DEMO-TX-0209,DEMO-TX-0209,2023-08-19,2024-01-30,guardianship
E-DEMO-TX-0210,DEMO-TX-0210,2024-01-14,2025-11-01,guardianship
E-DEMO-TX-0211,DEMO-TX-0211,2024-07-07,2025-09-16,other
E-DEMO-TX-0212,DEMO-TX-0212,2024-05-04,,
E-DEMO-TX-0213,DEMO-TX-0213,2024-12-14,,
E-DEMO-TX-0214,DEMO-TX-0214,2023-11-27,2024-07-16,adoption
E-DEMO-TX-0215,DEMO-TX-0215,2023-04-17,2025-04-10,other
E-DEMO-TX-0216,DEMO-TX-0216,2024-02-08,2025-04-07,guardianship
E-DEMO-TX-0217,DEMO-TX-0217,2025-08-15,,
E-DEMO-TX-0218,DEMO-TX-0218,2023-11-10,2024-06-09,other
E-DEMO-TX-0219,DEMO-TX-0219,2024-10-26,,
E-DEMO-TX-0220,DEMO-TX-0220,2023-01-30,2024-02-21,guardianship
E-DEMO-TX-0221,DEMO-TX-0221,2023-01-07,2024-09-15,guardianship
E-DEMO-TX-0222,DEMO-TX-0222,2023-09-20,2024-05-26,guardianship
E-DEMO-TX-0223,DEMO-TX-0223,2024-01-19,2024-06-07,adoption
E-DEMO-TX-0224,DEMO-TX-0224,2023-10-13,2025-05-06,guardianship
E-DEMO-TX-0225,DEMO-TX-0225,2023-04-07,2024-10-03,reunification
E-DEMO-TX-0226,DEMO-TX-0226,2025-08-08,,
E-DEMO-TX-0227,DEMO-TX-0227,2024-10-31,,
E-DEMO-TX-0228,DEMO-TX-0228,2024-11-27,,
E-DEMO-TX-0229,DEMO-TX-0229,2023-09-01,2024-04-30,adoption
E-DEMO-TX-0230,DEMO-TX-0230,2024-01-28,,
E-DEMO-TX-0231,DEMO-TX-0231,2023-04-18,2024-01-16,guardianship
E-DEMO-TX-0232,DEMO-TX-0232,2024-07-11,2025-05-28,other
E-DEMO-TX-0233,DEMO-TX-0233,2024-03-12,2025-04-10,other
E-DEMO-TX-0234,DEMO-TX-0234,2025-04-13,2025-06-27,guardianship
E-DEMO-TX-0235,DEMO-TX-0235,2023-02-12,2024-01-02,other
E-DEMO-TX-0236,DEMO-TX-0236,2025-02-16,,
E-DEMO-TX-0237,DEMO-TX-0237,2025-02-23,,
E-DEMO-TX-0238,DEMO-TX-0238,2024-01-06,2025-07-23,reunification
E-DEMO-TX-0239,DEMO-TX-0239,2025-03-08,,
E-DEMO-TX-0240,DEMO-TX-0240,2023-01-24,2024-04-28,guardianship
E-DEMO-TX-0241,DEMO-TX-0241,2025-09-19,,
E-DEMO-TX-0242,DEMO-TX-0242,2024-11-10,2024-12-31,guardianship
E-DEMO-TX-0243,DEMO-TX-0243,2023-12-25,2024-04-16,other
E-DEMO-TX-0244,DEMO-TX-0244,2023-06-27,2025-05-23,reunification
E-DEMO-TX-0245,DEMO-TX-0245,2025-01-28,,
E-DEMO-TX-0246,DEMO-TX-0246,2024-10-23,,
E-DEMO-TX-0247,DEMO-TX-0247,2024-04-16,,
E-DEMO-TX-0248,DEMO-TX-0248,2023-10-25,2024-09-09,adoption
E-DEMO-TX-0249,DEMO-TX-0249,2023-04-05,2024-05-14,other
E-DEMO-TX-0250,DEMO-TX-0250,2024-12-31,2025-10-26,guardianship
E-DEMO-TX-0251,DEMO-TX-0251,2024-05-24,,
E-DEMO-TX-0252,DEMO-TX-0252,2023-10-25,2025-02-15,reunification
E-DEMO-TX-0253,DEMO-TX-0253,2024-06-26,2024-12-06,adoption
E-DEMO-TX-0254,DEMO-TX-0254,2023-12-19,2025-05-11,guardianship
E-DEMO-TX-0255,DEMO-TX-0255,2023-01-07,2023-11-16,guardianship
E-DEMO-TX-0256,DEMO-TX-0256,2024-01-09,2024-07-28,reunification
E-DEMO-TX-0257,DEMO-TX-0257,2024-04-11,2024-07-05,guardianship
E-DEMO-TX-0258,DEMO-TX-0258,2023-09-08,2025-08-29,guardianship
E-DEMO-TX-0259,DEMO-TX-0259,2023-03-08,2024-05-14,guardianship
E-DEMO-TX-0260,DEMO-TX-0260,2025-05-25,,
E-DEMO-TX-0261,DEMO-TX-0261,2024-01-29,2025-10-27,reunification
E-DEMO-TX-0262,DEMO-TX-0262,2023-09-20,2025-09-23,other
E-DEMO-TX-0263,DEMO-TX-0263,2024-04-25,2025-03-14,other
E-DEMO-TX-0264,DEMO-TX-0264,2023-07-28,2024-05-10,guardianship
E-DEMO-TX-0265,DEMO-TX-0265,2024-04-14,2024-09-24,guardianship
E-DEMO-TX-0266,DEMO-TX-0266,2023-05-30,2023-10-23,reunification
E-DEMO-TX-0267,DEMO-TX-0267,2023-07-24,2023-12-15,guardianship
E-DEMO-TX-0268,DEMO-TX-0268,2023-09-04,2025-12-11,reunification
E-DEMO-TX-0269,DEMO-TX-0269,2024-07-18,,
E-DEMO-TX-0270,DEMO-TX-0270,2025-07-09,,
E-DEMO-TX-0271,DEMO-TX-0271,2023-05-06,2025-02-22,reunification
E-DEMO-TX-0272,DEMO-TX-0272,2023-10-23,2024-08-09,reunification
E-DEMO-TX-0273,DEMO-TX-0273,2025-02-16,,
E-DEMO-TX-0274,DEMO-TX-0274,2023-11-19,2024-08-25,reunification
E-DEMO-TX-0275,DEMO-TX-0275,2023-09-04,2025-09-06,other
E-DEMO-TX-0276,DEMO-TX-0276,2025-01-09,,
E-DEMO-TX-0277,DEMO-TX-0277,2025-03-31,,
E-DEMO-TX-0278,DEMO-TX-0278,2025-04-14,,
E-DEMO-TX-0279,DEMO-TX-0279,2023-02-09,2025-04-22,reunification
E-DEMO-TX-0280,DEMO-TX-0280,2023-02-16,2024-09-03,other
E-DEMO-TX-0281,DEMO-TX-0281,2023-12-03,2025-03-15,reunification
E-DEMO-TX-0282,DEMO-TX-0282,2024-12-13,2025-06-01,other
E-DEMO-TX-0283,DEMO-TX-0283,2025-09-25,,
E-DEMO-TX-0284,DEMO-TX-0284,2025-05-22,,
E-DEMO-TX-0285,DEMO-TX-0285,2024-06-25,,
E-DEMO-TX-0286,DEMO-TX-0286,2025-02-07,,
E-DEMO-TX-0287,DEMO-TX-0287,2023-02-21,2024-06-25,other
E-DEMO-TX-0288,DEMO-TX-0288,2023-06-11,2024-07-31,adoption
E-DEMO-TX-0289,DEMO-TX-0289,2024-05-18,2025-02-22,guardianship
E-DEMO-TX-0290,DEMO-TX-0290,2023-06-24,2025-01-09,adoption
E-DEMO-TX-0291,DEMO-TX-0291,2024-03-04,,
E-DEMO-TX-0292,DEMO-TX-0292,2025-09-05,,
E-DEMO-TX-0293,DEMO-TX-0293,2024-12-09,2025-11-28,other
E-DEMO-TX-0294,DEMO-TX-0294,2024-06-30,,
E-DEMO-TX-0295,DEMO-TX-0295,2024-11-07,,
E-DEMO-TX-0296,DEMO-TX-0296,2023-06-06,2023-11-27,guardianship
E-DEMO-TX-0297,DEMO-TX-0297,2024-10-06,2025-12-09,adoption
E-DEMO-TX-0298,DEMO-TX-0298,2024-07-25,,
E-DEMO-TX-0299,DEMO-TX-0299,2024-05-03,2025-08-31,adoption
E-DEMO-TX-0300,DEMO-TX-0300,2024-05-25,2025-07-18,reunification
E-DEMO-TX-0301,DEMO-TX-0301,2023-09-23,2024-02-17,guardianship
E-DEMO-TX-0302,DEMO-TX-0302,2023-02-10,2023-07-26,adoption
E-DEMO-TX-0303,DEMO-TX-0303,2025-04-18,,
E-DEMO-TX-0304,DEMO-TX-0304,2025-04-21,2025-12-07,other
E-DEMO-TX-0305,DEMO-TX-0305,2025-03-16,,
E-DEMO-TX-0306,DEMO-TX-0306,2025-02-06,2025-08-31,guardianship
E-DEMO-TX-0307,DEMO-TX-0307,2025-05-04,,
E-DEMO-TX-0308,DEMO-TX-0308,2023-12-15,2025-09-12,reunification
E-DEMO-TX-0309,DEMO-TX-0309,2023-09-20,2025-10-08,reunification
E-DEMO-TX-0310,DEMO-TX-0310,2024-12-04,,
E-DEMO-TX-0311,DEMO-TX-0311,2025-02-27,,
E-DEMO-TX-0312,DEMO-TX-0312,2023-02-07,2025-01-09,reunification
E-DEMO-TX-0313,DEMO-TX-0313,2024-07-14,,
E-DEMO-TX-0314,DEMO-TX-0314,2023-07-29,2024-11-18,guardianship
E-DEMO-TX-0315,DEMO-TX-0315,2024-01-10,2025-09-13,guardianship
E-DEMO-TX-0316,DEMO-TX-0316,2023-01-21,2024-06-22,reunification
E-DEMO-TX-0317,DEMO-TX-0317,2025-03-10,2025-09-10,other
E-DEMO-TX-0318,DEMO-TX-0318,2025-06-17,,
E-DEMO-TX-0319,DEMO-TX-0319,2024-06-14,2025-01-04,adoption
E-DEMO-TX-0320,DEMO-TX-0320,2025-06-02,,
E-DEMO-TX-0321,DEMO-TX-0321,2025-04-30,,
E-DEMO-TX-0322,DEMO-TX-0322,2025-08-14,,
E-DEMO-TX-0323,DEMO-TX-0323,2023-11-24,2024-04-22,reunification
E-DEMO-TX-0324,DEMO-TX-0324,2025-08-25,,
E-DEMO-TX-0325,DEMO-TX-0325,2024-05-01,2024-11-24,reunification
E-DEMO-TX-0326,DEMO-TX-0326,2024-02-08,2025-07-15,guardianship
E-DEMO-TX-0327,DEMO-TX-0327,2023-06-05,2025-03-23,guardianship
E-DEMO-TX-0328,DEMO-TX-0328,2023-07-31,2025-09-15,guardianship
E-DEMO-TX-0329,DEMO-TX-0329,2024-09-12,2025-11-04,other
E-DEMO-TX-0330,DEMO-TX-0330,2023-06-05,2024-10-13,adoption
E-DEMO-TX-0331,DEMO-TX-0331,2023-07-27,2025-01-16,reunification
E-DEMO-TX-0332,DEMO-TX-0332,2025-06-14,,
E-DEMO-TX-0333,DEMO-TX-0333,2025-03-04,,
E-DEMO-TX-0334,DEMO-TX-0334,2025-03-13,,
E-DEMO-TX-0335,DEMO-TX-0335,2023-01-13,2024-12-22,guardianship
E-DEMO-TX-0336,DEMO-TX-0336,2023-07-07,2025-03-18,reunification
E-DEMO-TX-0337,DEMO-TX-0337,2023-08-30,2024-03-04,reunification
E-DEMO-TX-0338,DEMO-TX-0338,2023-01-07,2023-12-23,reunification
E-DEMO-TX-0339,DEMO-TX-0339,2025-05-20,,
E-DEMO-TX-0340,DEMO-TX-0340,2024-08-27,,
E-DEMO-TX-0341,DEMO-TX-0341,2023-03-09,2024-02-11,other
E-DEMO-TX-0342,DEMO-TX-0342,2023-08-23,2025-06-13,guardianship
E-DEMO-TX-0343,DEMO-TX-0343,2025-04-15,,
E-DEMO-TX-0344,DEMO-TX-0344,2024-01-31,2025-06-23,other
E-DEMO-TX-0345,DEMO-TX-0345,2023-08-26,2025-02-04,guardianship
E-DEMO-TX-0346,DEMO-TX-0346,2024-09-27,,
E-DEMO-TX-0347,DEMO-TX-0347,2024-03-28,,
E-DEMO-TX-0348,DEMO-TX-0348,2023-08-24,2025-11-08,reunification
E-DEMO-TX-0349,DEMO-TX-0349,2025-07-28,,
E-DEMO-TX-0350,DEMO-TX-0350,2023-11-12,2025-06-08,other
E-DEMO-TX-0351,DEMO-TX-0351,2024-06-06,2025-05-05,adoption
E-DEMO-TX-0352,DEMO-TX-0352,2024-02-10,2025-07-30,adoption
E-DEMO-TX-0353,DEMO-TX-0353,2024-06-02,,
E-DEMO-TX-0354,DEMO-TX-0354,2024-03-26,2025-09-28,other
E-DEMO-TX-0355,DEMO-TX-0355,2025-04-03,,
E-DEMO-TX-0356,DEMO-TX-0356,2024-09-11,2024-11-07,reunification
E-DEMO-TX-0357,DEMO-TX-0357,2023-03-05,2024-05-21,guardianship
E-DEMO-TX-0358,DEMO-TX-0358,2024-07-27,2025-02-02,reunification
E-DEMO-TX-0359,DEMO-TX-0359,2025-08-29,,
E-DEMO-TX-0360,DEMO-TX-0360,2025-01-06,,
E-DEMO-TX-0361,DEMO-TX-0361,2023-04-02,2023-10-11,other
E-DEMO-TX-0362,DEMO-TX-0362,2024-02-01,2024-07-19,adoption
E-DEMO-TX-0363,DEMO-TX-0363,2025-09-07,,
E-DEMO-TX-0364,DEMO-TX-0364,2023-01-13,2025-02-21,adoption
E-DEMO-TX-0365,DEMO-TX-0365,2023-04-04,2023-11-28,adoption
E-DEMO-TX-0366,DEMO-TX-0366,2024-06-26,2025-04-04,other
E-DEMO-TX-0367,DEMO-TX-0367,2023-10-22,2025-09-23,reunification
E-DEMO-TX-0368,DEMO-TX-0368,2024-04-18,2025-06-07,adoption
E-DEMO-TX-0369,DEMO-TX-0369,2023-10-02,2024-06-14,guardianship
E-DEMO-TX-0370,DEMO-TX-0370,2023-01-04,2024-05-11,guardianship
E-DEMO-TX-0371,DEMO-TX-0371,2025-05-26,,
E-DEMO-TX-0372,DEMO-TX-0372,2024-10-18,2025-03-28,adoption
E-DEMO-TX-0373,DEMO-TX-0373,2024-08-29,2025-09-05,adoption
E-DEMO-TX-0374,DEMO-TX-0374,2024-01-14,2025-02-14,adoption
E-DEMO-TX-0375,DEMO-TX-0375,2023-04-11,2025-01-23,reunification
E-DEMO-TX-0376,DEMO-TX-0376,2023-06-29,2024-01-14,adoption
E-DEMO-TX-0377,DEMO-TX-0377,2024-09-28,,
E-DEMO-TX-0378,DEMO-TX-0378,2025-07-11,,
E-DEMO-TX-0379,DEMO-TX-0379,2023-07-14,2025-05-31,adoption
E-DEMO-TX-0380,DEMO-TX-0380,2024-07-05,2025-05-21,reunification
E-DEMO-TX-0381,DEMO-TX-0381,2025-01-04,,
E-DEMO-TX-0382,DEMO-TX-0382,2025-03-10,2025-08-14,guardianship
E-DEMO-TX-0383,DEMO-TX-0383,2023-05-16,2025-06-05,other
E-DEMO-TX-0384,DEMO-TX-0384,2024-03-26,2025-08-19,other
E-DEMO-TX-0385,DEMO-TX-0385,2025-06-15,,
E-DEMO-TX-0386,DEMO-TX-0386,2023-11-17,2024-01-28,other
E-DEMO-TX-0387,DEMO-TX-0387,2023-02-10,2025-01-31,guardianship
E-DEMO-TX-0388,DEMO-TX-0388,2024-07-08,2024-12-12,adoption
E-DEMO-TX-0389,DEMO-TX-0389,2024-10-08,2025-04-29,guardianship
E-DEMO-TX-0390,DEMO-TX-0390,2023-01-23,2023-03-30,guardianship
E-DEMO-TX-0391,DEMO-TX-0391,2023-10-26,2024-12-13,guardianship
E-DEMO-TX-0392,DEMO-TX-0392,2023-02-18,2025-03-21,other
E-DEMO-TX-0393,DEMO-TX-0393,2024-04-03,2024-07-31,adoption
E-DEMO-TX-0394,DEMO-TX-0394,2023-08-06,2025-03-28,other
E-DEMO-TX-0395,DEMO-TX-0395,2024-10-03,,
E-DEMO-TX-0396,DEMO-TX-0396,2024-03-15,2024-11-27,reunification
E-DEMO-TX-0397,DEMO-TX-0397,2023-12-04,2025-07-04,guardianship
E-DEMO-TX-0398,DEMO-TX-0398,2024-11-30,2025-09-05,reunification
E-DEMO-TX-0399,DEMO-TX-0399,2023-05-19,2024-12-04,reunification
E-DEMO-TX-0400,DEMO-TX-0400,2025-06-17,,
