child_id,state,age_at_entry
DEMO-KS-0001,KS,6
DEMO-KS-0002,KS,4
DEMO-KS-0003,KS,0
DEMO-KS-0004,KS,17
DEMO-KS-0005,KS,10
DEMO-KS-0006,KS,12
DEMO-KS-0007,KS,14
DEMO-KS-0008,KS,10
DEMO-KS-0009,KS,12
DEMO-KS-0010,KS,8
DEMO-KS-0011,KS,4
DEMO-KS-0012,KS,15
DEMO-KS-0013,KS,0
DEMO-KS-0014,KS,15
DEMO-KS-0015,KS,9
DEMO-KS-0016,KS,13
DEMO-KS-0017,KS,1
DEMO-KS-0018,KS,13
DEMO-KS-0019,KS,11
DEMO-KS-0020,KS,9
DEMO-KS-0021,KS,17
DEMO-KS-0022,KS,17
DEMO-KS-0023,KS,1
DEMO-KS-0024,KS,12
DEMO-KS-0025,KS,15
DEMO-KS-0026,KS,15
DEMO-KS-0027,KS,14
DEMO-KS-0028,KS,15
DEMO-KS-0029,KS,5
DEMO-KS-0030,KS,7
DEMO-KS-0031,KS,1
DEMO-KS-0032,KS,12
DEMO-KS-0033,KS,1
DEMO-KS-0034,KS,13
DEMO-KS-0035,KS,9
DEMO-KS-0036,KS,0
DEMO-KS-0037,KS,15
DEMO-KS-0038,KS,6
DEMO-KS-0039,KS,15
DEMO-KS-0040,KS,2
DEMO-KS-0041,KS,16
DEMO-KS-0042,KS,15
DEMO-KS-0043,KS,4
DEMO-KS-0044,KS,13
DEMO-KS-0045,KS,9
DEMO-KS-0046,KS,3
DEMO-KS-0047,KS,6
DEMO-KS-0048,KS,6
DEMO-KS-0049,KS,11
DEMO-KS-0050,KS,9
DEMO-KS-0051,KS,10
DEMO-KS-0052,KS,13
DEMO-KS-0053,KS,6
DEMO-KS-0054,KS,3
DEMO-KS-0055,KS,12
DEMO-KS-0056,KS,5
DEMO-KS-0057,KS,10
DEMO-KS-0058,KS,0
DEMO-KS-0059,KS,7
DEMO-KS-0060,KS,17
DEMO-KS-0061,KS,6
DEMO-KS-0062,KS,16
DEMO-KS-0063,KS,8
DEMO-KS-0064,KS,8
DEMO-KS-0065,KS,5
DEMO-KS-0066,KS,15
DEMO-KS-0067,KS,4
DEMO-KS-0068,KS,16
DEMO-KS-0069,KS,14
DEMO-KS-0070,KS,0
DEMO-KS-0071,KS,2
DEMO-KS-0072,KS,1
DEMO-KS-0073,KS,5
DEMO-KS-0074,KS,16
DEMO-KS-0075,KS,7
DEMO-KS-0076,KS,3
DEMO-KS-0077,KS,16
DEMO-KS-0078,KS,11
DEMO-KS-0079,KS,5
DEMO-KS-0080,KS,9
DEMO-KS-0081,KS,11
DEMO-KS-0082,KS,8
DEMO-KS-0083,KS,16
DEMO-KS-0084,KS,16
DEMO-KS-0085,KS,4
DEMO-KS-0086,KS,2
DEMO-KS-0087,KS,5
DEMO-KS-0088,KS,5
DEMO-KS-0089,KS,11
DEMO-KS-0090,KS,7
DEMO-KS-0091,KS,11
DEMO-KS-0092,KS,7
DEMO-KS-0093,KS,15
DEMO-KS-0094,KS,14
DEMO-KS-0095,KS,8
DEMO-KS-0096,KS,14
DEMO-KS-0097,KS,13
DEMO-KS-0098,KS,9
DEMO-KS-0099,KS,13
DEMO-KS-0100,KS,17
DEMO-KS-0101,KS,14
DEMO-KS-0102,KS,12
DEMO-KS-0103,KS,8
DEMO-KS-0104,KS,1
DEMO-KS-0105,KS,9
DEMO-KS-0106,KS,17
DEMO-KS-0107,KS,5
DEMO-KS-0108,KS,15
DEMO-KS-0109,KS,2
DEMO-KS-0110,KS,13
DEMO-KS-0111,KS,13
DEMO-KS-0112,KS,11
DEMO-KS-0113,KS,0
DEMO-KS-0114,KS,8
DEMO-KS-0115,KS,1
DEMO-KS-0116,KS,15
DEMO-KS-0117,KS,9
DEMO-KS-0118,KS,3
DEMO-KS-0119,KS,6
DEMO-KS-0120,KS,7
DEMO-KS-0121,KS,7
DEMO-KS-0122,KS,17
DEMO-KS-0123,KS,12
DEMO-KS-0124,KS,8
DEMO-KS-0125,KS,10
DEMO-KS-0126,KS,17
DEMO-KS-0127,KS,0
DEMO-KS-0128,KS,3
DEMO-KS-0129,KS,16
DEMO-KS-0130,KS,2
DEMO-KS-0131,KS,13
DEMO-KS-0132,KS,0
DEMO-KS-0133,KS,16
DEMO-KS-0134,KS,15
DEMO-KS-0135,KS,8
DEMO-KS-0136,KS,13
DEMO-KS-0137,KS,1
DEMO-KS-0138,KS,12
DEMO-KS-0139,KS,12
DEMO-KS-0140,KS,8
DEMO-KS-0141,KS,11
DEMO-KS-0142,KS,17
DEMO-KS-0143,KS,9
DEMO-KS-0144,KS,0
DEMO-KS-0145,KS,0
DEMO-KS-0146,KS,8
DEMO-KS-0147,KS,15
DEMO-KS-0148,KS,4
DEMO-KS-0149,KS,12
DEMO-KS-0150,KS,0
DEMO-KS-0151,KS,14
DEMO-KS-0152,KS,13
DEMO-KS-0153,KS,14
DEMO-KS-0154,KS,16
DEMO-KS-0155,KS,12
DEMO-KS-0156,KS,13
DEMO-KS-0157,KS,8
DEMO-KS-0158,KS,6
DEMO-KS-0159,KS,7
DEMO-KS-0160,KS,12
DEMO-KS-0161,KS,4
DEMO-KS-0162,KS,4
DEMO-KS-0163,KS,11
DEMO-KS-0164,KS,10
DEMO-KS-0165,KS,0
DEMO-KS-0166,KS,6
DEMO-KS-0167,KS,7
DEMO-KS-0168,KS,14
DEMO-KS-0169,KS,16
DEMO-KS-0170,KS,9
DEMO-KS-0171,KS,4
DEMO-KS-0172,KS,0
DEMO-KS-0173,KS,9
DEMO-KS-0174,KS,16
DEMO-KS-0175,KS,4
DEMO-KS-0176,KS,15
DEMO-KS-0177,KS,3
DEMO-KS-0178,KS,13
DEMO-KS-0179,KS,12
DEMO-KS-0180,KS,11
DEMO-KS-0181,KS,10
DEMO-KS-0182,KS,9
DEMO-KS-0183,KS,3
DEMO-KS-0184,KS,6
DEMO-KS-0185,KS,16
DEMO-KS-0186,KS,3
DEMO-KS-0187,KS,13
DEMO-KS-0188,KS,1
DEMO-KS-0189,KS,17
DEMO-KS-0190,KS,15
DEMO-KS-0191,KS,7
DEMO-KS-0192,KS,4
DEMO-KS-0193,KS,2
DEMO-KS-0194,KS,15
DEMO-KS-0195,KS,1
DEMO-KS-0196,KS,8
DEMO-KS-0197,KS,8
DEMO-KS-0198,KS,1
DEMO-KS-0199,KS,13
DEMO-KS-0200,KS,4
DEMO-KS-0201,KS,4
DEMO-KS-0202,KS,17
DEMO-KS-0203,KS,14
DEMO-KS-0204,KS,5
DEMO-KS-0205,KS,9
DEMO-KS-0206,KS,7
DEMO-KS-0207,KS,9
DEMO-KS-0208,KS,16
DEMO-KS-0209,KS,10
DEMO-KS-0210,KS,11
DEMO-KS-0211,KS,15
DEMO-KS-0212,KS,17
DEMO-KS-0213,KS,13
DEMO-KS-0214,KS,4
DEMO-KS-0215,KS,1
DEMO-KS-0216,KS,8
DEMO-KS-0217,KS,2
DEMO-KS-0218,KS,0
DEMO-KS-0219,KS,6
DEMO-KS-0220,KS,10
DEMO-KS-0221,KS,4
DEMO-KS-0222,KS,16
DEMO-KS-0223,KS,16
DEMO-KS-0224,KS,9
DEMO-KS-0225,KS,11
DEMO-KS-0226,KS,1
DEMO-KS-0227,KS,15
DEMO-KS-0228,KS,14
DEMO-KS-0229,KS,0
DEMO-KS-0230,KS,14
DEMO-KS-0231,KS,14
DEMO-KS-0232,KS,11
DEMO-KS-0233,KS,6
DEMO-KS-0234,KS,1
DEMO-KS-0235,KS,16
DEMO-KS-0236,KS,13
DEMO-KS-0237,KS,7
DEMO-KS-0238,KS,12
DEMO-KS-0239,KS,13
DEMO-KS-0240,KS,6
DEMO-KS-0241,KS,6
DEMO-KS-0242,KS,16
DEMO-KS-0243,KS,8
DEMO-KS-0244,KS,4
DEMO-KS-0245,KS,8
DEMO-KS-0246,KS,13
DEMO-KS-0247,KS,13
DEMO-KS-0248,KS,9
DEMO-KS-0249,KS,4
DEMO-KS-0250,KS,1
DEMO-KS-0251,KS,16
DEMO-KS-0252,KS,11
DEMO-KS-0253,KS,17
DEMO-KS-0254,KS,0
DEMO-KS-0255,KS,4
DEMO-KS-0256,KS,1
DEMO-KS-0257,KS,8
DEMO-KS-0258,KS,17
DEMO-KS-0259,KS,17
DEMO-KS-0260,KS,6
DEMO-KS-0261,KS,2
DEMO-KS-0262,KS,0
DEMO-KS-0263,KS,14
DEMO-KS-0264,KS,13
DEMO-KS-0265,KS,12
DEMO-KS-0266,KS,7
DEMO-KS-0267,KS,1
DEMO-KS-0268,KS,2
DEMO-KS-0269,KS,8
DEMO-KS-0270,KS,16
DEMO-KS-0271,KS,10
DEMO-KS-0272,KS,2
DEMO-KS-0273,KS,15
DEMO-KS-0274,KS,4
DEMO-KS-0275,KS,0
DEMO-KS-0276,KS,14
DEMO-KS-0277,KS,11
DEMO-KS-0278,KS,0
DEMO-KS-0279,KS,5
DEMO-KS-0280,KS,5
DEMO-KS-0281,KS,9
DEMO-KS-0282,KS,10
DEMO-KS-0283,KS,0
DEMO-KS-0284,KS,11
DEMO-KS-0285,KS,6
DEMO-KS-0286,KS,0
DEMO-KS-0287,KS,11
DEMO-KS-0288,KS,5
DEMO-KS-0289,KS,2
DEMO-KS-0290,KS,4
DEMO-KS-0291,KS,17
DEMO-KS-0292,KS,7
DEMO-KS-0293,KS,1
DEMO-KS-0294,KS,1
DEMO-KS-0295,KS,1
DEMO-KS-0296,KS,2
DEMO-KS-0297,KS,15
DEMO-KS-0298,KS,1
DEMO-KS-0299,KS,17
DEMO-KS-0300,KS,2
DEMO-KS-0301,KS,7
DEMO-KS-0302,KS,3
DEMO-KS-0303,KS,9
DEMO-KS-0304,KS,13
DEMO-KS-0305,KS,6
DEMO-KS-0306,KS,12
DEMO-KS-0307,KS,6
DEMO-KS-0308,KS,3
DEMO-KS-0309,KS,5
DEMO-KS-0310,KS,5
DEMO-KS-0311,KS,10
DEMO-KS-0312,KS,15
DEMO-KS-0313,KS,5
DEMO-KS-0314,KS,9
DEMO-KS-0315,KS,17
DEMO-KS-0316,KS,4
DEMO-KS-0317,KS,1
DEMO-KS-0318,KS,8
DEMO-KS-0319,KS,7
DEMO-KS-0320,KS,14
DEMO-KS-0321,KS,8
DEMO-KS-0322,KS,7
DEMO-KS-0323,KS,9
DEMO-KS-0324,KS,16
DEMO-KS-0325,KS,10
DEMO-KS-0326,KS,2
DEMO-KS-0327,KS,14
DEMO-KS-0328,KS,6
DEMO-KS-0329,KS,15
DEMO-KS-0330,KS,17
DEMO-KS-0331,KS,2
DEMO-KS-0332,KS,17
DEMO-KS-0333,KS,5
DEMO-KS-0334,KS,16
DEMO-KS-0335,KS,7
DEMO-KS-0336,KS,6
DEMO-KS-0337,KS,7
DEMO-KS-0338,KS,2
DEMO-KS-0339,KS,7
DEMO-KS-0340,KS,5
DEMO-KS-0341,KS,6
DEMO-KS-0342,KS,6
DEMO-KS-0343,KS,5
DEMO-KS-0344,KS,1
DEMO-KS-0345,KS,0
DEMO-KS-0346,KS,6
DEMO-KS-0347,KS,9
DEMO-KS-0348,KS,14
DEMO-KS-0349,KS,16
DEMO-KS-0350,KS,0
DEMO-KS-0351,KS,11
DEMO-KS-0352,KS,6
DEMO-KS-0353,KS,4
DEMO-KS-0354,KS,3
DEMO-KS-0355,KS,4
DEMO-KS-0356,KS,11
DEMO-KS-0357,KS,3
DEMO-KS-0358,KS,12
DEMO-KS-0359,KS,9
DEMO-KS-0360,KS,17
DEMO-KS-0361,KS,2
DEMO-KS-0362,KS,16
DEMO-KS-0363,KS,7
DEMO-KS-0364,KS,1
DEMO-KS-0365,KS,13
DEMO-KS-0366,KS,6
DEMO-KS-0367,KS,5
DEMO-KS-0368,KS,5
DEMO-KS-0369,KS,8
DEMO-KS-0370,KS,1
DEMO-KS-0371,KS,9
DEMO-KS-0372,KS,6
DEMO-KS-0373,KS,9
DEMO-KS-0374,KS,10
DEMO-KS-0375,KS,16
DEMO-KS-0376,KS,2
DEMO-KS-0377,KS,0
DEMO-KS-0378,KS,10
DEMO-KS-0379,KS,14
DEMO-KS-0380,KS,4
DEMO-KS-0381,KS,3
DEMO-KS-0382,KS,17
DEMO-KS-0383,KS,10
DEMO-KS-0384,KS,4
DEMO-KS-0385,KS,9
DEMO-KS-0386,KS,15
DEMO-KS-0387,KS,2
DEMO-KS-0388,KS,10
DEMO-KS-0389,KS,16
DEMO-KS-0390,KS,12
DEMO-KS-0391,KS,13
DEMO-KS-0392,KS,5
DEMO-KS-0393,KS,7
DEMO-KS-0394,KS,12
DEMO-KS-0395,KS,11
DEMO-KS-0396,KS,4
DEMO-KS-0397,KS,4
DEMO-KS-0398,KS,7
DEMO-KS-0399,KS,8
DEMO-KS-0400,KS,15
DEMO-MI-0001,MI,2
DEMO-MI-0002,MI,11
DEMO-MI-0003,MI,12
DEMO-MI-0004,MI,7
DEMO-MI-0005,MI,9
DEMO-MI-0006,MI,4
DEMO-MI-0007,MI,6
DEMO-MI-0008,MI,8
DEMO-MI-0009,MI,16
DEMO-MI-0010,MI,3
DEMO-MI-0011,MI,16
DEMO-MI-0012,MI,12
DEMO-MI-0013,MI,16
DEMO-MI-0014,MI,0
DEMO-MI-0015,MI,10
DEMO-MI-0016,MI,14
DEMO-MI-0017,MI,14
DEMO-MI-0018,MI,5
DEMO-MI-0019,MI,14
DEMO-MI-0020,MI,7
DEMO-MI-0021,MI,2
DEMO-MI-0022,MI,15
DEMO-MI-0023,MI,5
DEMO-MI-0024,MI,4
DEMO-MI-0025,MI,16
DEMO-MI-0026,MI,10
DEMO-MI-0027,MI,13
DEMO-MI-0028,MI,7
DEMO-MI-0029,MI,8
DEMO-MI-0030,MI,2
DEMO-MI-0031,MI,11
DEMO-MI-0032,MI,12
DEMO-MI-0033,MI,13
DEMO-MI-0034,MI,2
DEMO-MI-0035,MI,10
DEMO-MI-0036,MI,1
DEMO-MI-0037,MI,17
DEMO-MI-0038,MI,11
DEMO-MI-0039,MI,12
DEMO-MI-0040,MI,4
DEMO-MI-0041,MI,13
DEMO-MI-0042,MI,8
DEMO-MI-0043,MI,2
DEMO-MI-0044,MI,3
DEMO-MI-0045,MI,1
DEMO-MI-0046,MI,4
DEMO-MI-0047,MI,11
DEMO-MI-0048,MI,2
DEMO-MI-0049,MI,15
DEMO-MI-0050,MI,9
DEMO-MI-0051,MI,0
DEMO-MI-0052,MI,10
DEMO-MI-0053,MI,8
DEMO-MI-0054,MI,7
DEMO-MI-0055,MI,7
DEMO-MI-0056,MI,13
DEMO-MI-0057,MI,2
DEMO-MI-0058,MI,10
DEMO-MI-0059,MI,11
DEMO-MI-0060,MI,5
DEMO-MI-0061,MI,7
DEMO-MI-0062,MI,9
DEMO-MI-0063,MI,13
DEMO-MI-0064,MI,9
DEMO-MI-0065,MI,6
DEMO-MI-0066,MI,1
DEMO-MI-0067,MI,3
DEMO-MI-0068,MI,13
DEMO-MI-0069,MI,16
DEMO-MI-0070,MI,7
DEMO-MI-0071,MI,8
DEMO-MI-0072,MI,9
DEMO-MI-0073,MI,3
DEMO-MI-0074,MI,6
DEMO-MI-0075,MI,12
DEMO-MI-0076,MI,2
DEMO-MI-0077,MI,3
DEMO-MI-0078,MI,7
DEMO-MI-0079,MI,6
DEMO-MI-0080,MI,6
DEMO-MI-0081,MI,7
DEMO-MI-0082,MI,6
DEMO-MI-0083,MI,0
DEMO-MI-0084,MI,8
DEMO-MI-0085,MI,14
DEMO-MI-0086,MI,3
DEMO-MI-0087,MI,7
DEMO-MI-0088,MI,14
DEMO-MI-0089,MI,12
DEMO-MI-0090,MI,15
DEMO-MI-0091,MI,16
DEMO-MI-0092,MI,10
DEMO-MI-0093,MI,2
DEMO-MI-0094,MI,13
DEMO-MI-0095,MI,0
DEMO-MI-0096,MI,0
DEMO-MI-0097,MI,9
DEMO-MI-0098,MI,3
DEMO-MI-0099,MI,8
DEMO-MI-0100,MI,15
DEMO-MI-0101,MI,13
DEMO-MI-0102,MI,16
DEMO-MI-0103,MI,8
DEMO-MI-0104,MI,11
DEMO-MI-0105,MI,5
DEMO-MI-0106,MI,8
DEMO-MI-0107,MI,15
DEMO-MI-0108,MI,10
DEMO-MI-0109,MI,8
DEMO-MI-0110,MI,4
DEMO-MI-0111,MI,6
DEMO-MI-0112,MI,0
DEMO-MI-0113,MI,9
DEMO-MI-0114,MI,14
DEMO-MI-0115,MI,9
DEMO-MI-0116,MI,8
DEMO-MI-0117,MI,5
DEMO-MI-0118,MI,16
DEMO-MI-0119,MI,14
DEMO-MI-0120,MI,1
DEMO-MI-0121,MI,7
DEMO-MI-0122,MI,6
DEMO-MI-0123,MI,0
DEMO-MI-0124,MI,7
DEMO-MI-0125,MI,5
DEMO-MI-0126,MI,9
DEMO-MI-0127,MI,15
DEMO-MI-0128,MI,16
DEMO-MI-0129,MI,14
DEMO-MI-0130,MI,14
DEMO-MI-0131,MI,5
DEMO-MI-0132,MI,17
DEMO-MI-0133,MI,6
DEMO-MI-0134,MI,17
DEMO-MI-0135,MI,6
DEMO-MI-0136,MI,3
DEMO-MI-0137,MI,8
DEMO-MI-0138,MI,12
DEMO-MI-0139,MI,9
DEMO-MI-0140,MI,13
DEMO-MI-0141,MI,10
DEMO-MI-0142,MI,12
DEMO-MI-0143,MI,10
DEMO-MI-0144,MI,16
DEMO-MI-0145,MI,6
DEMO-MI-0146,MI,17
DEMO-MI-0147,MI,3
DEMO-MI-0148,MI,4
DEMO-MI-0149,MI,6
DEMO-MI-0150,MI,12
DEMO-MI-0151,MI,11
DEMO-MI-0152,MI,1
DEMO-MI-0153,MI,12
DEMO-MI-0154,MI,12
DEMO-MI-0155,MI,10
DEMO-MI-0156,MI,0
DEMO-MI-0157,MI,1
DEMO-MI-0158,MI,2
DEMO-MI-0159,MI,10
DEMO-MI-0160,MI,10
DEMO-MI-0161,MI,0
DEMO-MI-0162,MI,0
DEMO-MI-0163,MI,17
DEMO-MI-0164,MI,12
DEMO-MI-0165,MI,17
DEMO-MI-0166,MI,13
DEMO-MI-0167,MI,8
DEMO-MI-0168,MI,12
DEMO-MI-0169,MI,16
DEMO-MI-0170,MI,15
DEMO-MI-0171,MI,0
DEMO-MI-0172,MI,14
DEMO-MI-0173,MI,7
DEMO-MI-0174,MI,1
DEMO-MI-0175,MI,2
DEMO-MI-0176,MI,17
DEMO-MI-0177,MI,0
DEMO-MI-0178,MI,17
DEMO-MI-0179,MI,5
DEMO-MI-0180,MI,3
DEMO-MI-0181,MI,15
DEMO-MI-0182,MI,6
DEMO-MI-0183,MI,7
DEMO-MI-0184,MI,12
DEMO-MI-0185,MI,9
DEMO-MI-0186,MI,7
DEMO-MI-0187,MI,4
DEMO-MI-0188,MI,12
DEMO-MI-0189,MI,2
DEMO-MI-0190,MI,11
DEMO-MI-0191,MI,5
DEMO-MI-0192,MI,10
DEMO-MI-0193,MI,5
DEMO-MI-0194,MI,5
DEMO-MI-0195,MI,8
DEMO-MI-0196,MI,6
DEMO-MI-0197,MI,4
DEMO-MI-0198,MI,6
DEMO-MI-0199,MI,4
DEMO-MI-0200,MI,16
DEMO-MI-0201,MI,4
DEMO-MI-0202,MI,12
DEMO-MI-0203,MI,0
DEMO-MI-0204,MI,10
DEMO-MI-0205,MI,3
DEMO-MI-0206,MI,5
DEMO-MI-0207,MI,3
DEMO-MI-0208,MI,15
DEMO-MI-0209,MI,6
DEMO-MI-0210,MI,5
DEMO-MI-0211,MI,4
DEMO-MI-0212,MI,14
DEMO-MI-0213,MI,12
DEMO-MI-0214,MI,10
DEMO-MI-0215,MI,1
DEMO-MI-0216,MI,10
DEMO-MI-0217,MI,8
DEMO-MI-0218,MI,3
DEMO-MI-0219,MI,4
DEMO-MI-0220,MI,7
DEMO-MI-0221,MI,3
DEMO-MI-0222,MI,5
DEMO-MI-0223,MI,17
DEMO-MI-0224,MI,2
DEMO-MI-0225,MI,3
DEMO-MI-0226,MI,10
DEMO-MI-0227,MI,9
DEMO-MI-0228,MI,9
DEMO-MI-0229,MI,16
DEMO-MI-0230,MI,7
DEMO-MI-0231,MI,16
DEMO-MI-0232,MI,13
DEMO-MI-0233,MI,16
DEMO-MI-0234,MI,1
DEMO-MI-0235,MI,2
DEMO-MI-0236,MI,6
DEMO-MI-0237,MI,15
DEMO-MI-0238,MI,13
DEMO-MI-0239,MI,1
DEMO-MI-0240,MI,6
DEMO-MI-0241,MI,16
DEMO-MI-0242,MI,17
DEMO-MI-0243,MI,13
DEMO-MI-0244,MI,3
DEMO-MI-0245,MI,6
DEMO-MI-0246,MI,17
DEMO-MI-0247,MI,14
DEMO-MI-0248,MI,16
DEMO-MI-0249,MI,1
DEMO-MI-0250,MI,14
DEMO-MI-0251,MI,13
DEMO-MI-0252,MI,5
DEMO-MI-0253,MI,11
DEMO-MI-0254,MI,14
DEMO-MI-0255,MI,0
DEMO-MI-0256,MI,4
DEMO-MI-0257,MI,0
DEMO-MI-0258,MI,14
DEMO-MI-0259,MI,13
DEMO-MI-0260,MI,5
DEMO-MI-0261,MI,6
DEMO-MI-0262,MI,6
DEMO-MI-0263,MI,1
DEMO-MI-0264,MI,9
DEMO-MI-0265,MI,5
DEMO-MI-0266,MI,0
DEMO-MI-0267,MI,14
DEMO-MI-0268,MI,2
DEMO-MI-0269,MI,8
DEMO-MI-0270,MI,10
DEMO-MI-0271,MI,7
DEMO-MI-0272,MI,11
DEMO-MI-0273,MI,0
DEMO-MI-0274,MI,11
DEMO-MI-0275,MI,0
DEMO-MI-0276,MI,14
DEMO-MI-0277,MI,14
DEMO-MI-0278,MI,11
DEMO-MI-0279,MI,5
DEMO-MI-0280,MI,12
DEMO-MI-0281,MI,11
DEMO-MI-0282,MI,15
DEMO-MI-0283,MI,4
DEMO-MI-0284,MI,16
DEMO-MI-0285,MI,6
DEMO-MI-0286,MI,16
DEMO-MI-0287,MI,2
DEMO-MI-0288,MI,0
DEMO-MI-0289,MI,2
DEMO-MI-0290,MI,0
DEMO-MI-0291,MI,3
DEMO-MI-0292,MI,15
DEMO-MI-0293,MI,0
DEMO-MI-0294,MI,16
DEMO-MI-0295,MI,2
DEMO-MI-0296,MI,7
DEMO-MI-0297,MI,5
DEMO-MI-0298,MI,4
DEMO-MI-0299,MI,1
DEMO-MI-0300,MI,17
DEMO-MI-0301,MI,11
DEMO-MI-0302,MI,0
DEMO-MI-0303,MI,0
DEMO-MI-0304,MI,15
DEMO-MI-0305,MI,1
DEMO-MI-0306,MI,2
DEMO-MI-0307,MI,13
DEMO-MI-0308,MI,15
DEMO-MI-0309,MI,7
DEMO-MI-0310,MI,17
DEMO-MI-0311,MI,5
DEMO-MI-0312,MI,7
DEMO-MI-0313,MI,5
DEMO-MI-0314,MI,3
DEMO-MI-0315,MI,0
DEMO-MI-0316,MI,11
DEMO-MI-0317,MI,4
DEMO-MI-0318,MI,16
DEMO-MI-0319,MI,13
DEMO-MI-0320,MI,11
DEMO-MI-0321,MI,2
DEMO-MI-0322,MI,3
DEMO-MI-0323,MI,1
DEMO-MI-0324,MI,3
DEMO-MI-0325,MI,13
DEMO-MI-0326,MI,9
DEMO-MI-0327,MI,8
DEMO-MI-0328,MI,16
DEMO-MI-0329,MI,1
DEMO-MI-0330,MI,5
DEMO-MI-0331,MI,4
DEMO-MI-0332,MI,10
DEMO-MI-0333,MI,2
DEMO-MI-0334,MI,1
DEMO-MI-0335,MI,1
DEMO-MI-0336,MI,2
DEMO-MI-0337,MI,0
DEMO-MI-0338,MI,4
DEMO-MI-0339,MI,14
DEMO-MI-0340,MI,6
DEMO-MI-0341,MI,17
DEMO-MI-0342,MI,10
DEMO-MI-0343,MI,6
DEMO-MI-0344,MI,17
DEMO-MI-0345,MI,13
DEMO-MI-0346,MI,14
DEMO-MI-0347,MI,5
DEMO-MI-0348,MI,15
DEMO-MI-0349,MI,14
DEMO-MI-0350,MI,5
DEMO-MI-0351,MI,2
DEMO-MI-0352,MI,3
DEMO-MI-0353,MI,14
DEMO-MI-0354,MI,2
DEMO-MI-0355,MI,4
DEMO-MI-0356,MI,2
DEMO-MI-0357,MI,6
DEMO-MI-0358,MI,3
DEMO-MI-0359,MI,11
DEMO-MI-0360,MI,16
DEMO-MI-0361,MI,11
DEMO-MI-0362,MI,0
DEMO-MI-0363,MI,1
DEMO-MI-0364,MI,6
DEMO-MI-0365,MI,11
DEMO-MI-0366,MI,15
DEMO-MI-0367,MI,2
DEMO-MI-0368,MI,9
DEMO-MI-0369,MI,8
DEMO-MI-0370,MI,15
DEMO-MI-0371,MI,14
DEMO-MI-0372,MI,8
DEMO-MI-0373,MI,10
DEMO-MI-0374,MI,13
DEMO-MI-0375,MI,11
DEMO-MI-0376,MI,11
DEMO-MI-0377,MI,1
DEMO-MI-0378,MI,16
DEMO-MI-0379,MI,6
DEMO-MI-0380,MI,16
DEMO-MI-0381,MI,16
DEMO-MI-0382,MI,5
DEMO-MI-0383,MI,1
DEMO-MI-0384,MI,8
DEMO-MI-0385,MI,0
DEMO-MI-0386,MI,2
DEMO-MI-0387,MI,17
DEMO-MI-0388,MI,10
DEMO-MI-0389,MI,1
DEMO-MI-0390,MI,17
DEMO-MI-0391,MI,17
DEMO-MI-0392,MI,5
DEMO-MI-0393,MI,14
DEMO-MI-0394,MI,9
DEMO-MI-0395,MI,2
DEMO-MI-0396,MI,1
DEMO-MI-0397,MI,0
DEMO-MI-0398,MI,17
DEMO-MI-0399,MI,15
DEMO-MI-0400,MI,0
DEMO-NM-0001,NM,8
DEMO-NM-0002,NM,9
DEMO-NM-0003,NM,0
DEMO-NM-0004,NM,14
DEMO-NM-0005,NM,4
DEMO-NM-0006,NM,1
DEMO-NM-0007,NM,17
DEMO-NM-0008,NM,10
DEMO-NM-0009,NM,13
DEMO-NM-0010,NM,6
DEMO-NM-0011,NM,2
DEMO-NM-0012,NM,11
DEMO-NM-0013,NM,7
DEMO-NM-0014,NM,8
DEMO-NM-0015,NM,4
DEMO-NM-0016,NM,0
DEMO-NM-0017,NM,11
DEMO-NM-0018,NM,5
DEMO-NM-0019,NM,5
DEMO-NM-0020,NM,11
DEMO-NM-0021,NM,0
DEMO-NM-0022,NM,2
DEMO-NM-0023,NM,16
DEMO-NM-0024,NM,16
DEMO-NM-0025,NM,2
DEMO-NM-0026,NM,7
DEMO-NM-0027,NM,11
DEMO-NM-0028,NM,17
DEMO-NM-0029,NM,8
DEMO-NM-0030,NM,8
DEMO-NM-0031,NM,5
DEMO-NM-0032,NM,9
DEMO-NM-0033,NM,17
DEMO-NM-0034,NM,5
DEMO-NM-0035,NM,17
DEMO-NM-0036,NM,6
DEMO-NM-0037,NM,1
DEMO-NM-0038,NM,17
DEMO-NM-0039,NM,8
DEMO-NM-0040,NM,14
DEMO-NM-0041,NM,8
DEMO-NM-0042,NM,6
DEMO-NM-0043,NM,14
DEMO-NM-0044,NM,1
DEMO-NM-0045,NM,5
DEMO-NM-0046,NM,14
DEMO-NM-0047,NM,8
DEMO-NM-0048,NM,10
DEMO-NM-0049,NM,0
DEMO-NM-0050,NM,7
DEMO-NM-0051,NM,0
DEMO-NM-0052,NM,17
DEMO-NM-0053,NM,6
DEMO-NM-0054,NM,9
DEMO-NM-0055,NM,15
DEMO-NM-0056,NM,6
DEMO-NM-0057,NM,10
DEMO-NM-0058,NM,11
DEMO-NM-0059,NM,6
DEMO-NM-0060,NM,17
DEMO-NM-0061,NM,4
DEMO-NM-0062,NM,1
DEMO-NM-0063,NM,11
DEMO-NM-0064,NM,2
DEMO-NM-0065,NM,12
DEMO-NM-0066,NM,5
DEMO-NM-0067,NM,14
DEMO-NM-0068,NM,6
DEMO-NM-0069,NM,6
DEMO-NM-0070,NM,1
DEMO-NM-0071,NM,10
DEMO-NM-0072,NM,11
DEMO-NM-0073,NM,1
DEMO-NM-0074,NM,5
DEMO-NM-0075,NM,1
DEMO-NM-0076,NM,14
DEMO-NM-0077,NM,17
DEMO-NM-0078,NM,2
DEMO-NM-0079,NM,7
DEMO-NM-0080,NM,12
DEMO-NM-0081,NM,8
DEMO-NM-0082,NM,17
DEMO-NM-0083,NM,7
DEMO-NM-0084,NM,1
DEMO-NM-0085,NM,15
DEMO-NM-0086,NM,1
DEMO-NM-0087,NM,14
DEMO-NM-0088,NM,1
DEMO-NM-0089,NM,2
DEMO-NM-0090,NM,2
DEMO-NM-0091,NM,14
DEMO-NM-0092,NM,8
DEMO-NM-0093,NM,17
DEMO-NM-0094,NM,17
DEMO-NM-0095,NM,2
DEMO-NM-0096,NM,4
DEMO-NM-0097,NM,13
DEMO-NM-0098,NM,6
DEMO-NM-0099,NM,0
DEMO-NM-0100,NM,7
DEMO-NM-0101,NM,15
DEMO-NM-0102,NM,3
DEMO-NM-0103,NM,11
DEMO-NM-0104,NM,9
DEMO-NM-0105,NM,13
DEMO-NM-0106,NM,10
DEMO-NM-0107,NM,7
DEMO-NM-0108,NM,15
DEMO-NM-0109,NM,3
DEMO-NM-0110,NM,10
DEMO-NM-0111,NM,4
DEMO-NM-0112,NM,1
DEMO-NM-0113,NM,15
DEMO-NM-0114,NM,3
DEMO-NM-0115,NM,5
DEMO-NM-0116,NM,16
DEMO-NM-0117,NM,11
DEMO-NM-0118,NM,8
DEMO-NM-0119,NM,11
DEMO-NM-0120,NM,12
DEMO-NM-0121,NM,9
DEMO-NM-0122,NM,14
DEMO-NM-0123,NM,6
DEMO-NM-0124,NM,16
DEMO-NM-0125,NM,8
DEMO-NM-0126,NM,1
DEMO-NM-0127,NM,12
DEMO-NM-0128,NM,0
DEMO-NM-0129,NM,10
DEMO-NM-0130,NM,1
DEMO-NM-0131,NM,17
DEMO-NM-0132,NM,12
DEMO-NM-0133,NM,6
DEMO-NM-0134,NM,2
DEMO-NM-0135,NM,3
DEMO-NM-0136,NM,15
DEMO-NM-0137,NM,13
DEMO-NM-0138,NM,6
DEMO-NM-0139,NM,5
DEMO-NM-0140,NM,13
DEMO-NM-0141,NM,4
DEMO-NM-0142,NM,16
DEMO-NM-0143,NM,8
DEMO-NM-0144,NM,17
DEMO-NM-0145,NM,10
DEMO-NM-0146,NM,17
DEMO-NM-0147,NM,15
DEMO-NM-0148,NM,9
DEMO-NM-0149,NM,6
DEMO-NM-0150,NM,15
DEMO-NM-0151,NM,16
DEMO-NM-0152,NM,16
DEMO-NM-0153,NM,12
DEMO-NM-0154,NM,13
DEMO-NM-0155,NM,2
DEMO-NM-0156,NM,8
DEMO-NM-0157,NM,3
DEMO-NM-0158,NM,15
DEMO-NM-0159,NM,2
DEMO-NM-0160,NM,0
DEMO-NM-0161,NM,5
DEMO-NM-0162,NM,17
DEMO-NM-0163,NM,0
DEMO-NM-0164,NM,10
DEMO-NM-0165,NM,5
DEMO-NM-0166,NM,0
DEMO-NM-0167,NM,4
DEMO-NM-0168,NM,14
DEMO-NM-0169,NM,12
DEMO-NM-0170,NM,11
DEMO-NM-0171,NM,8
DEMO-NM-0172,NM,0
DEMO-NM-0173,NM,13
DEMO-NM-0174,NM,13
DEMO-NM-0175,NM,0
DEMO-NM-0176,NM,1
DEMO-NM-0177,NM,9
DEMO-NM-0178,NM,9
DEMO-NM-0179,NM,7
DEMO-NM-0180,NM,7
DEMO-NM-0181,NM,6
DEMO-NM-0182,NM,14
DEMO-NM-0183,NM,10
DEMO-NM-0184,NM,16
DEMO-NM-0185,NM,11
DEMO-NM-0186,NM,16
DEMO-NM-0187,NM,0
DEMO-NM-0188,NM,12
DEMO-NM-0189,NM,6
DEMO-NM-0190,NM,9
DEMO-NM-0191,NM,1
DEMO-NM-0192,NM,14
DEMO-NM-0193,NM,1
DEMO-NM-0194,NM,2
DEMO-NM-0195,NM,9
DEMO-NM-0196,NM,16
DEMO-NM-0197,NM,15
DEMO-NM-0198,NM,17
DEMO-NM-0199,NM,8
DEMO-NM-0200,NM,9
DEMO-NM-0201,NM,16
DEMO-NM-0202,NM,6
DEMO-NM-0203,NM,9
DEMO-NM-0204,NM,12
DEMO-NM-0205,NM,14
DEMO-NM-0206,NM,15
DEMO-NM-0207,NM,15
DEMO-NM-0208,NM,4
DEMO-NM-0209,NM,17
DEMO-NM-0210,NM,17
DEMO-NM-0211,NM,3
DEMO-NM-0212,NM,5
DEMO-NM-0213,NM,16
DEMO-NM-0214,NM,0
DEMO-NM-0215,NM,11
DEMO-NM-0216,NM,4
DEMO-NM-0217,NM,6
DEMO-NM-0218,NM,3
DEMO-NM-0219,NM,4
DEMO-NM-0220,NM,10
DEMO-NM-0221,NM,15
DEMO-NM-0222,NM,2
DEMO-NM-0223,NM,6
DEMO-NM-0224,NM,0
DEMO-NM-0225,NM,12
DEMO-NM-0226,NM,11
DEMO-NM-0227,NM,7
DEMO-NM-0228,NM,3
DEMO-NM-0229,NM,8
DEMO-NM-0230,NM,1
DEMO-NM-0231,NM,1
DEMO-NM-0232,NM,13
DEMO-NM-0233,NM,11
DEMO-NM-0234,NM,17
DEMO-NM-0235,NM,12
DEMO-NM-0236,NM,15
DEMO-NM-0237,NM,5
DEMO-NM-0238,NM,14
DEMO-NM-0239,NM,9
DEMO-NM-0240,NM,9
DEMO-NM-0241,NM,3
DEMO-NM-0242,NM,12
DEMO-NM-0243,NM,5
DEMO-NM-0244,NM,17
DEMO-NM-0245,NM,1
DEMO-NM-0246,NM,7
DEMO-NM-0247,NM,3
DEMO-NM-0248,NM,15
DEMO-NM-0249,NM,3
DEMO-NM-0250,NM,10
DEMO-NM-0251,NM,4
DEMO-NM-0252,NM,4
DEMO-NM-0253,NM,3
DEMO-NM-0254,NM,12
DEMO-NM-0255,NM,0
DEMO-NM-0256,NM,8
DEMO-NM-0257,NM,6
DEMO-NM-0258,NM,13
DEMO-NM-0259,NM,8
DEMO-NM-0260,NM,4
DEMO-NM-0261,NM,1
DEMO-NM-0262,NM,13
DEMO-NM-0263,NM,14
DEMO-NM-0264,NM,2
DEMO-NM-0265,NM,12
DEMO-NM-0266,NM,16
DEMO-NM-0267,NM,5
DEMO-NM-0268,NM,17
DEMO-NM-0269,NM,7
DEMO-NM-0270,NM,4
DEMO-NM-0271,NM,12
DEMO-NM-0272,NM,11
DEMO-NM-0273,NM,7
DEMO-NM-0274,NM,14
DEMO-NM-0275,NM,3
DEMO-NM-0276,NM,5
DEMO-NM-0277,NM,14
DEMO-NM-0278,NM,16
DEMO-NM-0279,NM,17
DEMO-NM-0280,NM,15
DEMO-NM-0281,NM,17
DEMO-NM-0282,NM,11
DEMO-NM-0283,NM,3
DEMO-NM-0284,NM,10
DEMO-NM-0285,NM,5
DEMO-NM-0286,NM,13
DEMO-NM-0287,NM,14
DEMO-NM-0288,NM,10
DEMO-NM-0289,NM,2
DEMO-NM-0290,NM,3
DEMO-NM-0291,NM,9
DEMO-NM-0292,NM,16
DEMO-NM-0293,NM,11
DEMO-NM-0294,NM,6
DEMO-NM-0295,NM,5
DEMO-NM-0296,NM,10
DEMO-NM-0297,NM,12
DEMO-NM-0298,NM,17
DEMO-NM-0299,NM,3
DEMO-NM-0300,NM,11
DEMO-NM-0301,NM,13
DEMO-NM-0302,NM,14
DEMO-NM-0303,NM,9
DEMO-NM-0304,NM,8
DEMO-NM-0305,NM,4
DEMO-NM-0306,NM,17
DEMO-NM-0307,NM,13
DEMO-NM-0308,NM,3
DEMO-NM-0309,NM,9
DEMO-NM-0310,NM,0
DEMO-NM-0311,NM,15
DEMO-NM-0312,NM,10
DEMO-NM-0313,NM,8
DEMO-NM-0314,NM,5
DEMO-NM-0315,NM,14
DEMO-NM-0316,NM,11
DEMO-NM-0317,NM,14
DEMO-NM-0318,NM,6
DEMO-NM-0319,NM,15
DEMO-NM-0320,NM,9
DEMO-NM-0321,NM,8
DEMO-NM-0322,NM,8
DEMO-NM-0323,NM,2
DEMO-NM-0324,NM,6
DEMO-NM-0325,NM,0
DEMO-NM-0326,NM,15
DEMO-NM-0327,NM,7
DEMO-NM-0328,NM,4
DEMO-NM-0329,NM,0
DEMO-NM-0330,NM,12
DEMO-NM-0331,NM,5
DEMO-NM-0332,NM,11
DEMO-NM-0333,NM,12
DEMO-NM-0334,NM,10
DEMO-NM-0335,NM,6
DEMO-NM-0336,NM,3
DEMO-NM-0337,NM,12
DEMO-NM-0338,NM,12
DEMO-NM-0339,NM,6
DEMO-NM-0340,NM,12
DEMO-NM-0341,NM,16
DEMO-NM-0342,NM,17
DEMO-NM-0343,NM,4
DEMO-NM-0344,NM,9
DEMO-NM-0345,NM,7
DEMO-NM-0346,NM,10
DEMO-NM-0347,NM,15
DEMO-NM-0348,NM,6
DEMO-NM-0349,NM,16
DEMO-NM-0350,NM,1
DEMO-NM-0351,NM,13
DEMO-NM-0352,NM,1
DEMO-NM-0353,NM,8
DEMO-NM-0354,NM,1
DEMO-NM-0355,NM,11
DEMO-NM-0356,NM,3
DEMO-NM-0357,NM,13
DEMO-NM-0358,NM,8
DEMO-NM-0359,NM,17
DEMO-NM-0360,NM,11
DEMO-NM-0361,NM,4
DEMO-NM-0362,NM,4
DEMO-NM-0363,NM,15
DEMO-NM-0364,NM,9
DEMO-NM-0365,NM,1
DEMO-NM-0366,NM,11
DEMO-NM-0367,NM,15
DEMO-NM-0368,NM,17
DEMO-NM-0369,NM,0
DEMO-NM-0370,NM,9
DEMO-NM-0371,NM,11
DEMO-NM-0372,NM,5
DEMO-NM-0373,NM,4
DEMO-NM-0374,NM,14
DEMO-NM-0375,NM,13
DEMO-NM-0376,NM,13
DEMO-NM-0377,NM,12
DEMO-NM-0378,NM,7
DEMO-NM-0379,NM,8
DEMO-NM-0380,NM,0
DEMO-NM-0381,NM,10
DEMO-NM-0382,NM,1
DEMO-NM-0383,NM,17
DEMO-NM-0384,NM,17
DEMO-NM-0385,NM,5
DEMO-NM-0386,NM,6
DEMO-NM-0387,NM,14
DEMO-NM-0388,NM,7
DEMO-NM-0389,NM,8
DEMO-NM-0390,NM,16
DEMO-NM-0391,NM,12
DEMO-NM-0392,NM,6
DEMO-NM-0393,NM,10
DEMO-NM-0394,NM,15
DEMO-NM-0395,NM,13
DEMO-NM-0396,NM,1
DEMO-NM-0397,NM,11
DEMO-NM-0398,NM,15
DEMO-NM-0399,NM,3
DEMO-NM-0400,NM,4
DEMO-TX-0001,TX,2
DEMO-TX-0002,TX,17
DEMO-TX-0003,TX,2
DEMO-TX-0004,TX,8
DEMO-TX-0005,TX,11
DEMO-TX-0006,TX,16
DEMO-TX-0007,TX,6
DEMO-TX-0008,TX,15
DEMO-TX-0009,TX,10
DEMO-TX-0010,TX,3
DEMO-TX-0011,TX,3
DEMO-TX-0012,TX,14
DEMO-TX-0013,TX,11
DEMO-TX-0014,TX,0
DEMO-TX-0015,TX,4
DEMO-TX-0016,TX,2
DEMO-TX-0017,TX,8
DEMO-TX-0018,TX,0
DEMO-TX-0019,TX,14
DEMO-TX-0020,TX,13
DEMO-TX-0021,TX,13
DEMO-TX-0022,TX,0
DEMO-TX-0023,TX,6
DEMO-TX-0024,TX,5
DEMO-TX-0025,TX,15
DEMO-TX-0026,TX,4
DEMO-TX-0027,TX,12
DEMO-TX-0028,TX,11
DEMO-TX-0029,TX,14
DEMO-TX-0030,TX,3
DEMO-TX-0031,TX,2
DEMO-TX-0032,TX,4
DEMO-TX-0033,TX,17
DEMO-TX-0034,TX,16
DEMO-TX-0035,TX,0
DEMO-TX-0036,TX,7
DEMO-TX-0037,TX,4
DEMO-TX-0038,TX,3
DEMO-TX-0039,TX,6
DEMO-TX-0040,TX,0
DEMO-TX-0041,TX,9
DEMO-TX-0042,TX,3
DEMO-TX-0043,TX,10
DEMO-TX-0044,TX,14
DEMO-TX-0045,TX,2
DEMO-TX-0046,TX,5
DEMO-TX-0047,TX,11
DEMO-TX-0048,TX,13
DEMO-TX-0049,TX,7
DEMO-TX-0050,TX,7
DEMO-TX-0051,TX,15
DEMO-TX-0052,TX,1
DEMO-TX-0053,TX,10
DEMO-TX-0054,TX,6
DEMO-TX-0055,TX,13
DEMO-TX-0056,TX,14
DEMO-TX-0057,TX,15
DEMO-TX-0058,TX,1
DEMO-TX-0059,TX,5
DEMO-TX-0060,TX,0
DEMO-TX-0061,TX,7
DEMO-TX-0062,TX,5
DEMO-TX-0063,TX,12
DEMO-TX-0064,TX,13
DEMO-TX-0065,TX,9
DEMO-TX-0066,TX,5
DEMO-TX-0067,TX,17
DEMO-TX-0068,TX,6
DEMO-TX-0069,TX,8
DEMO-TX-0070,TX,6
DEMO-TX-0071,TX,6
DEMO-TX-0072,TX,6
DEMO-TX-0073,TX,5
DEMO-TX-0074,TX,13
DEMO-TX-0075,TX,1
DEMO-TX-0076,TX,17
DEMO-TX-0077,TX,7
DEMO-TX-0078,TX,3
DEMO-TX-0079,TX,13
DEMO-TX-0080,TX,11
DEMO-TX-0081,TX,14
DEMO-TX-0082,TX,17
DEMO-TX-0083,TX,2
DEMO-TX-0084,TX,5
DEMO-TX-0085,TX,11
DEMO-TX-0086,TX,1
DEMO-TX-0087,TX,3
DEMO-TX-0088,TX,1
DEMO-TX-0089,TX,17
DEMO-TX-0090,TX,12
DEMO-TX-0091,TX,17
DEMO-TX-0092,TX,2
DEMO-TX-0093,TX,5
DEMO-TX-0094,TX,0
DEMO-TX-0095,TX,5
DEMO-TX-0096,TX,7
DEMO-TX-0097,TX,0
DEMO-TX-0098,TX,6
DEMO-TX-0099,TX,5
DEMO-TX-0100,TX,3
DEMO-TX-0101,TX,3
DEMO-TX-0102,TX,15
DEMO-TX-0103,TX,8
DEMO-TX-0104,TX,2
DEMO-TX-0105,TX,14
DEMO-TX-0106,TX,3
DEMO-TX-0107,TX,15
DEMO-TX-0108,TX,4
DEMO-TX-0109,TX,15
DEMO-TX-0110,TX,6
DEMO-TX-0111,TX,15
DEMO-TX-0112,TX,7
DEMO-TX-0113,TX,12
DEMO-TX-0114,TX,16
DEMO-TX-0115,TX,0
DEMO-TX-0116,TX,10
DEMO-TX-0117,TX,9
DEMO-TX-0118,TX,7
DEMO-TX-0119,TX,11
DEMO-TX-0120,TX,5
DEMO-TX-0121,TX,15
DEMO-TX-0122,TX,6
DEMO-TX-0123,TX,5
DEMO-TX-0124,TX,0
DEMO-TX-0125,TX,15
DEMO-TX-0126,TX,15
DEMO-TX-0127,TX,15
DEMO-TX-0128,TX,9
DEMO-TX-0129,TX,2
DEMO-TX-0130,TX,0
DEMO-TX-0131,TX,0
DEMO-TX-0132,TX,0
DEMO-TX-0133,TX,16
DEMO-TX-0134,TX,12
DEMO-TX-0135,TX,6
DEMO-TX-0136,TX,10
DEMO-TX-0137,TX,1
DEMO-TX-0138,TX,16
DEMO-TX-0139,TX,12
DEMO-TX-0140,TX,12
DEMO-TX-0141,TX,6
DEMO-TX-0142,TX,4
DEMO-TX-0143,TX,6
DEMO-TX-0144,TX,2
DEMO-TX-0145,TX,0
DEMO-TX-0146,TX,13
DEMO-TX-0147,TX,0
DEMO-TX-0148,TX,7
DEMO-TX-0149,TX,7
DEMO-TX-0150,TX,11
DEMO-TX-0151,TX,7
DEMO-TX-0152,TX,16
DEMO-TX-0153,TX,14
DEMO-TX-0154,TX,8
DEMO-TX-0155,TX,12
DEMO-TX-0156,TX,8
DEMO-TX-0157,TX,3
DEMO-TX-0158,TX,0
DEMO-TX-0159,TX,15
DEMO-TX-0160,TX,3
DEMO-TX-0161,TX,0
DEMO-TX-0162,TX,17
DEMO-TX-0163,TX,1
DEMO-TX-0164,TX,16
DEMO-TX-0165,TX,12
DEMO-TX-0166,TX,5
DEMO-TX-0167,TX,1
DEMO-TX-0168,TX,16
DEMO-TX-0169,TX,12
DEMO-TX-0170,TX,14
DEMO-TX-0171,TX,17
DEMO-TX-0172,TX,9
DEMO-TX-0173,TX,16
DEMO-TX-0174,TX,9
DEMO-TX-0175,TX,8
DEMO-TX-0176,TX,10
DEMO-TX-0177,TX,5
DEMO-TX-0178,TX,14
DEMO-TX-0179,TX,7
DEMO-TX-0180,TX,15
DEMO-TX-0181,TX,3
DEMO-TX-0182,TX,17
DEMO-TX-0183,TX,15
DEMO-TX-0184,TX,17
DEMO-TX-0185,TX,3
DEMO-TX-0186,TX,13
DEMO-TX-0187,TX,5
DEMO-TX-0188,TX,13
DEMO-TX-0189,TX,7
DEMO-TX-0190,TX,2
DEMO-TX-0191,TX,9
DEMO-TX-0192,TX,10
DEMO-TX-0193,TX,10
DEMO-TX-0194,TX,12
DEMO-TX-0195,TX,4
DEMO-TX-0196,TX,6
DEMO-TX-0197,TX,5
DEMO-TX-0198,TX,17
DEMO-TX-0199,TX,4
DEMO-TX-0200,TX,8
DEMO-TX-0201,TX,8
DEMO-TX-0202,TX,9
DEMO-TX-0203,TX,2
DEMO-TX-0204,TX,16
DEMO-TX-0205,TX,3
DEMO-TX-0206,TX,8
DEMO-TX-0207,TX,5
DEMO-TX-0208,TX,2
DEMO-TX-0209,TX,17
DEMO-TX-0210,TX,17
DEMO-TX-0211,TX,6
DEMO-TX-0212,TX,10
DEMO-TX-0213,TX,5
DEMO-TX-0214,TX,12
DEMO-TX-0215,TX,13
DEMO-TX-0216,TX,6
DEMO-TX-0217,TX,2
DEMO-TX-0218,TX,10
DEMO-TX-0219,TX,17
DEMO-TX-0220,TX,12
DEMO-TX-0221,TX,11
DEMO-TX-0222,TX,12
DEMO-TX-0223,TX,14
DEMO-TX-0224,TX,0
DEMO-TX-0225,TX,11
DEMO-TX-0226,TX,11
DEMO-TX-0227,TX,2
DEMO-TX-0228,TX,16
DEMO-TX-0229,TX,4
DEMO-TX-0230,TX,4
DEMO-TX-0231,TX,6
DEMO-TX-0232,TX,2
DEMO-TX-0233,TX,3
DEMO-TX-0234,TX,13
DEMO-TX-0235,TX,11
DEMO-TX-0236,TX,14
DEMO-TX-0237,TX,17
DEMO-TX-0238,TX,4
DEMO-TX-0239,TX,11
DEMO-TX-0240,TX,15
DEMO-TX-0241,TX,12
DEMO-TX-0242,TX,15
DEMO-TX-0243,TX,14
DEMO-TX-0244,TX,9
DEMO-TX-0245,TX,17
DEMO-TX-0246,TX,13
DEMO-TX-0247,TX,6
DEMO-TX-0248,TX,2
DEMO-TX-0249,TX,7
DEMO-TX-0250,TX,5
DEMO-TX-0251,TX,11
DEMO-TX-0252,TX,6
DEMO-TX-0253,TX,17
DEMO-TX-0254,TX,4
DEMO-TX-0255,TX,10
DEMO-TX-0256,TX,5
DEMO-TX-0257,TX,10
DEMO-TX-0258,TX,14
DEMO-TX-0259,TX,16
DEMO-TX-0260,TX,9
DEMO-TX-0261,TX,4
DEMO-TX-0262,TX,5
DEMO-TX-0263,TX,6
DEMO-TX-0264,TX,9
DEMO-TX-0265,TX,17
DEMO-TX-0266,TX,4
DEMO-TX-0267,TX,0
DEMO-TX-0268,TX,17
DEMO-TX-0269,TX,2
DEMO-TX-0270,TX,5
DEMO-TX-0271,TX,12
DEMO-TX-0272,TX,9
DEMO-TX-0273,TX,1
DEMO-TX-0274,TX,4
DEMO-TX-0275,TX,14
DEMO-TX-0276,TX,16
DEMO-TX-0277,TX,12
DEMO-TX-0278,TX,6
DEMO-TX-0279,TX,12
DEMO-TX-0280,TX,8
DEMO-TX-0281,TX,6
DEMO-TX-0282,TX,11
DEMO-TX-0283,TX,8
DEMO-TX-0284,TX,9
DEMO-TX-0285,TX,0
DEMO-TX-0286,TX,2
DEMO-TX-0287,TX,16
DEMO-TX-0288,TX,14
DEMO-TX-0289,TX,11
DEMO-TX-0290,TX,0
DEMO-TX-0291,TX,9
DEMO-TX-0292,TX,4
DEMO-TX-0293,TX,2
DEMO-TX-0294,TX,1
DEMO-TX-0295,TX,12
DEMO-TX-0296,TX,2
DEMO-TX-0297,TX,15
DEMO-TX-0298,TX,1
DEMO-TX-0299,TX,10
DEMO-TX-0300,TX,17
DEMO-TX-0301,TX,6
DEMO-TX-0302,TX,8
DEMO-TX-0303,TX,1
DEMO-TX-0304,TX,11
DEMO-TX-0305,TX,3
DEMO-TX-0306,TX,8
DEMO-TX-0307,TX,1
DEMO-TX-0308,TX,14
DEMO-TX-0309,TX,3
DEMO-TX-0310,TX,3
DEMO-TX-0311,TX,10
DEMO-TX-0312,TX,2
DEMO-TX-0313,TX,11
DEMO-TX-0314,TX,7
DEMO-TX-0315,TX,5
DEMO-TX-0316,TX,1
DEMO-TX-0317,TX,2
DEMO-TX-0318,TX,8
DEMO-TX-0319,TX,3
DEMO-TX-0320,TX,6
DEMO-TX-0321,TX,6
DEMO-TX-0322,TX,11
DEMO-TX-0323,TX,9
DEMO-TX-0324,TX,5
DEMO-TX-0325,TX,1
DEMO-TX-0326,TX,9
DEMO-TX-0327,TX,12
DEMO-TX-0328,TX,17
DEMO-TX-0329,TX,0
DEMO-TX-0330,TX,3
DEMO-TX-0331,TX,10
DEMO-TX-0332,TX,0
DEMO-TX-0333,TX,9
DEMO-TX-0334,TX,2
DEMO-TX-0335,TX,14
DEMO-TX-0336,TX,4
DEMO-TX-0337,TX,3
DEMO-TX-0338,TX,5
DEMO-TX-0339,TX,13
DEMO-TX-0340,TX,16
DEMO-TX-0341,TX,9
DEMO-TX-0342,TX,2
DEMO-TX-0343,TX,11
DEMO-TX-0344,TX,0
DEMO-TX-0345,TX,6
DEMO-TX-0346,TX,2
DEMO-TX-0347,TX,12
DEMO-TX-0348,TX,13
DEMO-TX-0349,TX,5
DEMO-TX-0350,TX,1
DEMO-TX-0351,TX,13
DEMO-TX-0352,TX,17
DEMO-TX-0353,TX,5
DEMO-TX-0354,TX,12
DEMO-TX-0355,TX,14
DEMO-TX-0356,TX,1
DEMO-TX-0357,TX,5
DEMO-TX-0358,TX,1
DEMO-TX-0359,TX,10
DEMO-TX-0360,TX,9
DEMO-TX-0361,TX,12
DEMO-TX-0362,TX,17
DEMO-TX-0363,TX,8
DEMO-TX-0364,TX,3
DEMO-TX-0365,TX,2
DEMO-TX-0366,TX,8
DEMO-TX-0367,TX,10
DEMO-TX-0368,TX,15
DEMO-TX-0369,TX,14
DEMO-TX-0370,TX,11
DEMO-TX-0371,TX,0
DEMO-TX-0372,TX,0
DEMO-TX-0373,TX,5
DEMO-TX-0374,TX,1
DEMO-TX-0375,TX,12
DEMO-TX-0376,TX,8
DEMO-TX-0377,TX,7
DEMO-TX-0378,TX,15
DEMO-TX-0379,TX,6
DEMO-TX-0380,TX,4
DEMO-TX-0381,TX,2
DEMO-TX-0382,TX,13
DEMO-TX-0383,TX,3
DEMO-TX-0384,TX,3
DEMO-TX-0385,TX,13
DEMO-TX-0386,TX,16
DEMO-TX-0387,TX,1
DEMO-TX-0388,TX,17
DEMO-TX-0389,TX,8
DEMO-TX-0390,TX,8
DEMO-TX-0391,TX,14
DEMO-TX-0392,TX,17
DEMO-TX-0393,TX,0
DEMO-TX-0394,TX,14
DEMO-TX-0395,TX,3
DEMO-TX-0396,TX,2
DEMO-TX-0397,TX,6
DEMO-TX-0398,TX,3
DEMO-TX-0399,TX,12
DEMO-TX-0400,TX,6
