state,state_name,indicator,label,period,denominator,numerator,observed,recalculated,scale,decimals,unit,direction,rsp_lower,rsp,rsp_upper,national,reported_class,replicated_class,arithmetic_pass,classification_pass,source_page,source_line,source_row,source_url
KS,Kansas,maltreatment,Maltreatment in foster care,"23A23B, FY 2023",2342025,112,4.78,4.782186355824554,100000,2,"victimizations / 100,000 care days",lower,5.16,6.2,7.44,9.07,Better,Better,True,True,8,241,"KS                 2,342,025            112          4.78            5.16          6.20           7.44             9.07            Better",https://www.cfsrportal.acf.hhs.gov/document/download/gLMYON
MI,Michigan,maltreatment,Maltreatment in foster care,"23A23B, FY 2023",3165984,462,14.59,14.592619545771552,100000,2,"victimizations / 100,000 care days",lower,17.65,19.33,21.18,9.07,Worse,Worse,True,True,9,259,"MI                 3,165,984           462          14.59           17.65     19.33         21.18        9.07           Worse",https://www.cfsrportal.acf.hhs.gov/document/download/gLMYON
NM,New Mexico,maltreatment,Maltreatment in foster care,"23A23B, FY 2023",626882,64,10.21,10.209257882663723,100000,2,"victimizations / 100,000 care days",lower,10.37,13.22,16.85,9.07,Worse,Worse,True,True,9,269,"NM                   626,882            64          10.21           10.37     13.22         16.85        9.07           Worse",https://www.cfsrportal.acf.hhs.gov/document/download/gLMYON
TX,Texas,maltreatment,Maltreatment in foster care,"23A23B, FY 2023",6842787,827,12.09,12.085718874487837,100000,2,"victimizations / 100,000 care days",lower,15.26,16.34,17.49,9.07,Worse,Worse,True,True,9,281,"TX                 6,842,787           827          12.09           15.26     16.34         17.49        9.07           Worse",https://www.cfsrportal.acf.hhs.gov/document/download/gLMYON
KS,Kansas,recurrence,Recurrence of maltreatment,FY 2023−2024,1910,87,4.6,4.554973821989529,100,1,percent,lower,5.0,6.2,7.5,9.7,Better,Better,True,True,10,321,"KS                     1,910             87          4.6%           5.0%          6.2%           7.5%            9.7%           Better",https://www.cfsrportal.acf.hhs.gov/document/download/gLMYON
MI,Michigan,recurrence,Recurrence of maltreatment,FY 2023−2024,22486,2230,9.9,9.917281864271102,100,1,percent,lower,12.7,13.2,13.7,9.7,Worse,Worse,True,True,11,334,"MI                    22,486         2,230          9.9%           12.7%     13.2%        13.7%     9.7%          Worse",https://www.cfsrportal.acf.hhs.gov/document/download/gLMYON
NM,New Mexico,recurrence,Recurrence of maltreatment,FY 2023−2024,5937,878,14.8,14.788613778002357,100,1,percent,lower,18.4,19.5,20.8,9.7,Worse,Worse,True,True,11,344,"NM                     5,937           878         14.8%           18.4%     19.5%        20.8%     9.7%          Worse",https://www.cfsrportal.acf.hhs.gov/document/download/gLMYON
TX,Texas,recurrence,Recurrence of maltreatment,FY 2023−2024,51319,2876,5.6,5.604162201134083,100,1,percent,lower,7.1,7.3,7.6,9.7,Better,Better,True,True,11,356,"TX                    51,319         2,876          5.6%            7.1%      7.3%         7.6%     9.7%           Better",https://www.cfsrportal.acf.hhs.gov/document/download/gLMYON
KS,Kansas,permanency_entry,Permanency within 12 months: entrants,23B24A,2589,856,33.1,33.062958671301665,100,1,percent,higher,30.5,32.2,34.0,35.2,Worse,Worse,True,True,12,398,"KS                     2,589            856         33.1%          30.5%          32.2%          34.0%          35.2%          Worse",https://www.cfsrportal.acf.hhs.gov/document/download/gLMYON
MI,Michigan,permanency_entry,Permanency within 12 months: entrants,23B24A,3549,626,17.6,17.638771484925332,100,1,percent,higher,17.6,18.9,20.3,35.2,Worse,Worse,True,True,13,411,"MI                     3,549           626         17.6%           17.6%     18.9%        20.3%     35.2%          Worse",https://www.cfsrportal.acf.hhs.gov/document/download/gLMYON
NM,New Mexico,permanency_entry,Permanency within 12 months: entrants,23B24A,863,212,24.6,24.565469293163382,100,1,percent,higher,23.1,25.9,29.0,35.2,Worse,Worse,True,True,13,421,NM                       863           212         24.6%           23.1%     25.9%        29.0%     35.2%          Worse,https://www.cfsrportal.acf.hhs.gov/document/download/gLMYON
TX,Texas,permanency_entry,Permanency within 12 months: entrants,23B24A,8889,2945,33.1,33.13083586455169,100,1,percent,higher,34.3,35.3,36.4,35.2,No different,No different,True,True,13,433,"TX                     8,889         2,945         33.1%           34.3%     35.3%        36.4%     35.2%     No different",https://www.cfsrportal.acf.hhs.gov/document/download/gLMYON
KS,Kansas,permanency_12_23,Permanency: in care 12–23 months,25A25B,1461,453,31.0,31.006160164271044,100,1,percent,higher,30.1,32.5,34.9,43.8,Worse,Worse,True,True,14,475,"KS                     1,461            453         31.0%          30.1%         32.5%          34.9%          43.8%           Worse",https://www.cfsrportal.acf.hhs.gov/document/download/gLMYON
MI,Michigan,permanency_12_23,Permanency: in care 12–23 months,25A25B,2496,918,36.8,36.77884615384615,100,1,percent,higher,35.1,36.9,38.8,43.8,Worse,Worse,True,True,15,490,"MI                     2,496           918         36.8%           35.1%     36.9%        38.8%    43.8%           Worse",https://www.cfsrportal.acf.hhs.gov/document/download/gLMYON
NM,New Mexico,permanency_12_23,Permanency: in care 12–23 months,25A25B,549,135,24.6,24.59016393442623,100,1,percent,higher,21.6,24.9,28.4,43.8,Worse,Worse,True,True,15,500,NM                       549           135         24.6%           21.6%     24.9%        28.4%    43.8%           Worse,https://www.cfsrportal.acf.hhs.gov/document/download/gLMYON
TX,Texas,permanency_12_23,Permanency: in care 12–23 months,25A25B,4273,2573,60.2,60.21530540603791,100,1,percent,higher,56.6,58.0,59.4,43.8,Better,Better,True,True,15,512,"TX                     4,273         2,573         60.2%           56.6%     58.0%        59.4%    43.8%            Better",https://www.cfsrportal.acf.hhs.gov/document/download/gLMYON
KS,Kansas,permanency_24,Permanency: in care 24+ months,25A25B,2288,672,29.4,29.37062937062937,100,1,percent,higher,28.2,30.0,31.8,37.3,Worse,Worse,True,True,16,555,"KS                     2,288           672         29.4%            28.2%       30.0%          31.8%          37.3%           Worse",https://www.cfsrportal.acf.hhs.gov/document/download/gLMYON
MI,Michigan,permanency_24,Permanency: in care 24+ months,25A25B,2816,1067,37.9,37.890625,100,1,percent,higher,33.4,35.0,36.6,37.3,Worse,Worse,True,True,17,572,"MI                     2,816         1,067         37.9%            33.4%     35.0%        36.6%    37.3%           Worse",https://www.cfsrportal.acf.hhs.gov/document/download/gLMYON
NM,New Mexico,permanency_24,Permanency: in care 24+ months,25A25B,680,195,28.7,28.676470588235293,100,1,percent,higher,23.7,26.6,29.6,37.3,Worse,Worse,True,True,17,582,NM                       680           195         28.7%            23.7%     26.6%        29.6%    37.3%           Worse,https://www.cfsrportal.acf.hhs.gov/document/download/gLMYON
TX,Texas,permanency_24,Permanency: in care 24+ months,25A25B,4278,1422,33.2,33.2398316970547,100,1,percent,higher,33.3,34.7,36.1,37.3,Worse,Worse,True,True,17,594,"TX                     4,278         1,422         33.2%            33.3%     34.7%        36.1%    37.3%           Worse",https://www.cfsrportal.acf.hhs.gov/document/download/gLMYON
KS,Kansas,reentry,Reentry within 12 months,24A24B,1556,99,6.4,6.362467866323908,100,1,percent,lower,5.7,6.8,8.2,5.6,Worse,Worse,True,True,18,637,"KS                     1,556            99          6.4%            5.7%      6.8%         8.2%      5.6%         Worse",https://www.cfsrportal.acf.hhs.gov/document/download/gLMYON
MI,Michigan,reentry,Reentry within 12 months,24A24B,1544,48,3.1,3.1088082901554404,100,1,percent,lower,2.8,3.6,4.7,5.6,Better,Better,True,True,19,651,"MI                     1,544            48          3.1%            2.8%      3.6%            4.7%      5.6%          Better",https://www.cfsrportal.acf.hhs.gov/document/download/gLMYON
NM,New Mexico,reentry,Reentry within 12 months,24A24B,624,32,5.1,5.128205128205128,100,1,percent,lower,4.1,5.5,7.4,5.6,No different,No different,True,True,19,661,NM                       624            32          5.1%            4.1%      5.5%            7.4%      5.6%    No different,https://www.cfsrportal.acf.hhs.gov/document/download/gLMYON
TX,Texas,reentry,Reentry within 12 months,24A24B,6192,184,3.0,2.9715762273901807,100,1,percent,lower,2.9,3.3,3.8,5.6,Better,Better,True,True,19,673,"TX                     6,192           184          3.0%            2.9%      3.3%            3.8%      5.6%          Better",https://www.cfsrportal.acf.hhs.gov/document/download/gLMYON
KS,Kansas,stability,Placement stability,25A25B,391372,2698,6.89,6.893697045266396,1000,2,"moves / 1,000 care days",lower,5.91,6.13,6.37,4.48,Worse,Worse,True,True,20,714,"KS                   391,372         2,698             6.89          5.91          6.13          6.37          4.48          Worse",https://www.cfsrportal.acf.hhs.gov/document/download/gLMYON
MI,Michigan,stability,Placement stability,25A25B,589520,2055,3.49,3.4858868231781788,1000,2,"moves / 1,000 care days",lower,3.25,3.39,3.54,4.48,Better,Better,True,True,21,727,"MI                   589,520         2,055           3.49            3.25       3.39          3.54         4.48           Better",https://www.cfsrportal.acf.hhs.gov/document/download/gLMYON
NM,New Mexico,stability,Placement stability,25A25B,122187,1077,8.81,8.814358319624837,1000,2,"moves / 1,000 care days",lower,8.26,8.77,9.31,4.48,Worse,Worse,True,True,21,737,"NM                   122,187         1,077           8.81            8.26       8.77          9.31         4.48          Worse",https://www.cfsrportal.acf.hhs.gov/document/download/gLMYON
TX,Texas,stability,Placement stability,25A25B,1615914,7846,4.86,4.855456416616231,1000,2,"moves / 1,000 care days",lower,4.97,5.08,5.19,4.48,Worse,Worse,True,True,21,749,"TX                 1,615,914         7,846           4.86            4.97       5.08          5.19         4.48          Worse",https://www.cfsrportal.acf.hhs.gov/document/download/gLMYON
