table,record_id,rule,action,raw_record
children,DEMO-KS-0001,exact_duplicate,deduplicated,"{""age_at_entry"": ""6"", ""child_id"": ""DEMO-KS-0001"", ""state"": ""KS""}"
children,DEMO-BAD-AGE,invalid_demographic,quarantined,"{""age_at_entry"": ""99"", ""child_id"": ""DEMO-BAD-AGE"", ""state"": ""KS""}"
episodes,E-DEMO-KS-0001,exact_duplicate,deduplicated,"{""child_id"": ""DEMO-KS-0001"", ""entry_date"": ""2023-05-14"", ""episode_id"": ""E-DEMO-KS-0001"", ""exit_date"": ""2024-01-15"", ""exit_reason"": ""other""}"
episodes,E-ORPHAN,orphan_child,quarantined,"{""child_id"": ""UNKNOWN"", ""entry_date"": ""2024-01-01"", ""episode_id"": ""E-ORPHAN"", ""exit_date"": """", ""exit_reason"": """"}"
episodes,E-BAD-DATE,missing_or_invalid_date_or_value,quarantined,"{""child_id"": ""DEMO-KS-0002"", ""entry_date"": ""01/35/2024"", ""episode_id"": ""E-BAD-DATE"", ""exit_date"": """", ""exit_reason"": """"}"
episodes,E-REVERSED,invalid_episode_dates,quarantined,"{""child_id"": ""DEMO-KS-0003"", ""entry_date"": ""2025-05-01"", ""episode_id"": ""E-REVERSED"", ""exit_date"": ""2025-04-01"", ""exit_reason"": ""other""}"
episodes,E-DEMO-KS-0001,overlapping_episodes,quarantined,"{""child_id"": ""DEMO-KS-0001"", ""entry_date"": ""2023-05-14"", ""episode_id"": ""E-DEMO-KS-0001"", ""exit_date"": ""2024-01-15"", ""exit_reason"": ""other""}"
episodes,E-OVERLAP,overlapping_episodes,quarantined,"{""child_id"": ""DEMO-KS-0001"", ""entry_date"": ""2023-05-14"", ""episode_id"": ""E-OVERLAP"", ""exit_date"": ""2024-01-15"", ""exit_reason"": ""other""}"
visits,V-000000,orphan_episode,quarantined,"{""episode_id"": ""E-DEMO-KS-0001"", ""in_person"": ""1"", ""visit_date"": ""2023-06-20"", ""visit_id"": ""V-000000""}"
visits,V-000001,orphan_episode,quarantined,"{""episode_id"": ""E-DEMO-KS-0001"", ""in_person"": ""1"", ""visit_date"": ""2023-07-07"", ""visit_id"": ""V-000001""}"
visits,V-000002,orphan_episode,quarantined,"{""episode_id"": ""E-DEMO-KS-0001"", ""in_person"": ""1"", ""visit_date"": ""2023-08-11"", ""visit_id"": ""V-000002""}"
visits,V-000003,orphan_episode,quarantined,"{""episode_id"": ""E-DEMO-KS-0001"", ""in_person"": ""1"", ""visit_date"": ""2023-09-27"", ""visit_id"": ""V-000003""}"
visits,V-000004,orphan_episode,quarantined,"{""episode_id"": ""E-DEMO-KS-0001"", ""in_person"": ""1"", ""visit_date"": ""2023-10-25"", ""visit_id"": ""V-000004""}"
visits,V-000005,orphan_episode,quarantined,"{""episode_id"": ""E-DEMO-KS-0001"", ""in_person"": ""1"", ""visit_date"": ""2023-11-03"", ""visit_id"": ""V-000005""}"
visits,V-000006,orphan_episode,quarantined,"{""episode_id"": ""E-DEMO-KS-0001"", ""in_person"": ""1"", ""visit_date"": ""2023-12-28"", ""visit_id"": ""V-000006""}"
visits,V-000000,exact_duplicate,deduplicated,"{""episode_id"": ""E-DEMO-KS-0001"", ""in_person"": ""1"", ""visit_date"": ""2023-06-20"", ""visit_id"": ""V-000000""}"
visits,V-ORPHAN,orphan_episode,quarantined,"{""episode_id"": ""UNKNOWN"", ""in_person"": ""1"", ""visit_date"": ""2024-01-01"", ""visit_id"": ""V-ORPHAN""}"
visits,V-OUTSIDE,visit_outside_episode,quarantined,"{""episode_id"": ""E-DEMO-KS-0002"", ""in_person"": ""1"", ""visit_date"": ""2000-01-01"", ""visit_id"": ""V-OUTSIDE""}"
visits,V-MISSING,missing_or_invalid_date_or_value,quarantined,"{""episode_id"": ""E-DEMO-KS-0002"", ""in_person"": ""1"", ""visit_date"": """", ""visit_id"": ""V-MISSING""}"
