state,quarter,numerator,denominator,rate,data_type,measure
KS,2023-Q1,26,34,76.47058823529412,synthetic,Full-month in-person visit coverage
KS,2023-Q2,103,147,70.06802721088435,synthetic,Full-month in-person visit coverage
KS,2023-Q3,167,228,73.24561403508771,synthetic,Full-month in-person visit coverage
KS,2023-Q4,212,292,72.6027397260274,synthetic,Full-month in-person visit coverage
KS,2024-Q1,279,392,71.1734693877551,synthetic,Full-month in-person visit coverage
KS,2024-Q2,349,457,76.36761487964989,synthetic,Full-month in-person visit coverage
KS,2024-Q3,373,504,74.0079365079365,synthetic,Full-month in-person visit coverage
KS,2024-Q4,393,517,76.01547388781431,synthetic,Full-month in-person visit coverage
KS,2025-Q1,405,504,80.35714285714286,synthetic,Full-month in-person visit coverage
KS,2025-Q2,369,468,78.84615384615384,synthetic,Full-month in-person visit coverage
KS,2025-Q3,358,449,79.73273942093542,synthetic,Full-month in-person visit coverage
KS,2025-Q4,322,409,78.72860635696821,synthetic,Full-month in-person visit coverage
MI,2023-Q1,22,33,66.66666666666666,synthetic,Full-month in-person visit coverage
MI,2023-Q2,115,147,78.2312925170068,synthetic,Full-month in-person visit coverage
MI,2023-Q3,171,220,77.72727272727272,synthetic,Full-month in-person visit coverage
MI,2023-Q4,214,292,73.28767123287672,synthetic,Full-month in-person visit coverage
MI,2024-Q1,281,348,80.74712643678161,synthetic,Full-month in-person visit coverage
MI,2024-Q2,357,431,82.830626450116,synthetic,Full-month in-person visit coverage
MI,2024-Q3,364,449,81.06904231625836,synthetic,Full-month in-person visit coverage
MI,2024-Q4,338,441,76.64399092970523,synthetic,Full-month in-person visit coverage
MI,2025-Q1,376,456,82.45614035087719,synthetic,Full-month in-person visit coverage
MI,2025-Q2,378,466,81.11587982832617,synthetic,Full-month in-person visit coverage
MI,2025-Q3,362,428,84.57943925233646,synthetic,Full-month in-person visit coverage
MI,2025-Q4,326,390,83.58974358974359,synthetic,Full-month in-person visit coverage
NM,2023-Q1,35,52,67.3076923076923,synthetic,Full-month in-person visit coverage
NM,2023-Q2,125,194,64.43298969072166,synthetic,Full-month in-person visit coverage
NM,2023-Q3,188,271,69.37269372693727,synthetic,Full-month in-person visit coverage
NM,2023-Q4,245,332,73.79518072289156,synthetic,Full-month in-person visit coverage
NM,2024-Q1,276,383,72.0626631853786,synthetic,Full-month in-person visit coverage
NM,2024-Q2,326,442,73.7556561085973,synthetic,Full-month in-person visit coverage
NM,2024-Q3,339,474,71.51898734177216,synthetic,Full-month in-person visit coverage
NM,2024-Q4,350,484,72.31404958677686,synthetic,Full-month in-person visit coverage
NM,2025-Q1,342,459,74.50980392156863,synthetic,Full-month in-person visit coverage
NM,2025-Q2,354,470,75.31914893617021,synthetic,Full-month in-person visit coverage
NM,2025-Q3,355,473,75.05285412262155,synthetic,Full-month in-person visit coverage
NM,2025-Q4,339,437,77.57437070938215,synthetic,Full-month in-person visit coverage
TX,2023-Q1,42,48,87.5,synthetic,Full-month in-person visit coverage
TX,2023-Q2,120,166,72.28915662650603,synthetic,Full-month in-person visit coverage
TX,2023-Q3,208,271,76.75276752767527,synthetic,Full-month in-person visit coverage
TX,2023-Q4,273,361,75.62326869806094,synthetic,Full-month in-person visit coverage
TX,2024-Q1,329,417,78.8968824940048,synthetic,Full-month in-person visit coverage
TX,2024-Q2,368,459,80.17429193899783,synthetic,Full-month in-person visit coverage
TX,2024-Q3,393,489,80.3680981595092,synthetic,Full-month in-person visit coverage
TX,2024-Q4,394,513,76.80311890838206,synthetic,Full-month in-person visit coverage
TX,2025-Q1,415,508,81.69291338582677,synthetic,Full-month in-person visit coverage
TX,2025-Q2,404,497,81.28772635814889,synthetic,Full-month in-person visit coverage
TX,2025-Q3,391,481,81.28898128898129,synthetic,Full-month in-person visit coverage
TX,2025-Q4,349,434,80.4147465437788,synthetic,Full-month in-person visit coverage
