state,quarter,age_group,numerator,denominator,rate,suppressed
KS,2023-Q1,0–5,,,,True
KS,2023-Q1,13–17,,,,True
KS,2023-Q1,6–12,,,,True
KS,2023-Q2,0–5,37,49,75.51020408163265,False
KS,2023-Q2,13–17,24,41,58.536585365853654,False
KS,2023-Q2,6–12,42,57,73.68421052631578,False
KS,2023-Q3,0–5,55,77,71.42857142857143,False
KS,2023-Q3,13–17,44,56,78.57142857142857,False
KS,2023-Q3,6–12,68,95,71.57894736842105,False
KS,2023-Q4,0–5,60,90,66.66666666666666,False
KS,2023-Q4,13–17,61,79,77.21518987341773,False
KS,2023-Q4,6–12,91,123,73.98373983739837,False
KS,2024-Q1,0–5,86,120,71.66666666666667,False
KS,2024-Q1,13–17,88,121,72.72727272727273,False
KS,2024-Q1,6–12,105,151,69.5364238410596,False
KS,2024-Q2,0–5,116,152,76.31578947368422,False
KS,2024-Q2,13–17,102,142,71.83098591549296,False
KS,2024-Q2,6–12,131,163,80.3680981595092,False
KS,2024-Q3,0–5,122,169,72.18934911242604,False
KS,2024-Q3,13–17,128,167,76.64670658682635,False
KS,2024-Q3,6–12,123,168,73.21428571428571,False
KS,2024-Q4,0–5,120,163,73.61963190184049,False
KS,2024-Q4,13–17,134,169,79.28994082840237,False
KS,2024-Q4,6–12,139,185,75.13513513513513,False
KS,2025-Q1,0–5,129,172,75.0,False
KS,2025-Q1,13–17,117,147,79.59183673469387,False
KS,2025-Q1,6–12,159,185,85.94594594594595,False
KS,2025-Q2,0–5,124,164,75.60975609756098,False
KS,2025-Q2,13–17,114,139,82.01438848920863,False
KS,2025-Q2,6–12,131,165,79.39393939393939,False
KS,2025-Q3,0–5,123,155,79.35483870967742,False
KS,2025-Q3,13–17,116,141,82.26950354609929,False
KS,2025-Q3,6–12,119,153,77.77777777777779,False
KS,2025-Q4,0–5,120,147,81.63265306122449,False
KS,2025-Q4,13–17,102,132,77.27272727272727,False
KS,2025-Q4,6–12,100,130,76.92307692307693,False
MI,2023-Q1,0–5,,,,True
MI,2023-Q1,13–17,,,,True
MI,2023-Q1,6–12,,,,True
MI,2023-Q2,0–5,38,46,82.6086956521739,False
MI,2023-Q2,13–17,27,37,72.97297297297297,False
MI,2023-Q2,6–12,50,64,78.125,False
MI,2023-Q3,0–5,55,69,79.71014492753623,False
MI,2023-Q3,13–17,51,66,77.27272727272727,False
MI,2023-Q3,6–12,65,85,76.47058823529412,False
MI,2023-Q4,0–5,77,103,74.75728155339806,False
MI,2023-Q4,13–17,56,79,70.88607594936708,False
MI,2023-Q4,6–12,81,110,73.63636363636363,False
MI,2024-Q1,0–5,107,131,81.67938931297711,False
MI,2024-Q1,13–17,69,92,75.0,False
MI,2024-Q1,6–12,105,125,84.0,False
MI,2024-Q2,0–5,138,167,82.63473053892216,False
MI,2024-Q2,13–17,95,123,77.23577235772358,False
MI,2024-Q2,6–12,124,141,87.94326241134752,False
MI,2024-Q3,0–5,144,175,82.28571428571428,False
MI,2024-Q3,13–17,95,123,77.23577235772358,False
MI,2024-Q3,6–12,125,151,82.78145695364239,False
MI,2024-Q4,0–5,132,173,76.30057803468208,False
MI,2024-Q4,13–17,89,113,78.76106194690266,False
MI,2024-Q4,6–12,117,155,75.48387096774194,False
MI,2025-Q1,0–5,141,169,83.4319526627219,False
MI,2025-Q1,13–17,111,132,84.0909090909091,False
MI,2025-Q1,6–12,124,155,80.0,False
MI,2025-Q2,0–5,128,159,80.50314465408806,False
MI,2025-Q2,13–17,109,132,82.57575757575758,False
MI,2025-Q2,6–12,141,175,80.57142857142857,False
MI,2025-Q3,0–5,126,146,86.3013698630137,False
MI,2025-Q3,13–17,98,115,85.21739130434783,False
MI,2025-Q3,6–12,138,167,82.63473053892216,False
MI,2025-Q4,0–5,119,139,85.61151079136691,False
MI,2025-Q4,13–17,86,106,81.13207547169812,False
MI,2025-Q4,6–12,121,145,83.44827586206897,False
NM,2023-Q1,0–5,16,25,64.0,False
NM,2023-Q1,13–17,,,,True
NM,2023-Q1,6–12,,,,True
NM,2023-Q2,0–5,46,78,58.97435897435898,False
NM,2023-Q2,13–17,38,56,67.85714285714286,False
NM,2023-Q2,6–12,41,60,68.33333333333333,False
NM,2023-Q3,0–5,65,96,67.70833333333334,False
NM,2023-Q3,13–17,52,80,65.0,False
NM,2023-Q3,6–12,71,95,74.73684210526315,False
NM,2023-Q4,0–5,82,109,75.22935779816514,False
NM,2023-Q4,13–17,82,99,82.82828282828282,False
NM,2023-Q4,6–12,81,124,65.32258064516128,False
NM,2024-Q1,0–5,73,107,68.22429906542055,False
NM,2024-Q1,13–17,82,113,72.56637168141593,False
NM,2024-Q1,6–12,121,163,74.23312883435584,False
NM,2024-Q2,0–5,101,136,74.26470588235294,False
NM,2024-Q2,13–17,89,117,76.06837606837607,False
NM,2024-Q2,6–12,136,189,71.95767195767195,False
NM,2024-Q3,0–5,102,146,69.86301369863014,False
NM,2024-Q3,13–17,98,133,73.68421052631578,False
NM,2024-Q3,6–12,139,195,71.28205128205128,False
NM,2024-Q4,0–5,102,138,73.91304347826086,False
NM,2024-Q4,13–17,96,135,71.11111111111111,False
NM,2024-Q4,6–12,152,211,72.03791469194313,False
NM,2025-Q1,0–5,102,133,76.69172932330827,False
NM,2025-Q1,13–17,91,124,73.38709677419355,False
NM,2025-Q1,6–12,149,202,73.76237623762376,False
NM,2025-Q2,0–5,107,138,77.53623188405797,False
NM,2025-Q2,13–17,92,131,70.22900763358778,False
NM,2025-Q2,6–12,155,201,77.11442786069652,False
NM,2025-Q3,0–5,131,157,83.43949044585987,False
NM,2025-Q3,13–17,96,142,67.6056338028169,False
NM,2025-Q3,6–12,128,174,73.5632183908046,False
NM,2025-Q4,0–5,113,141,80.1418439716312,False
NM,2025-Q4,13–17,102,140,72.85714285714285,False
NM,2025-Q4,6–12,124,156,79.48717948717949,False
TX,2023-Q1,0–5,,,,True
TX,2023-Q1,13–17,,,,True
TX,2023-Q1,6–12,18,20,90.0,False
TX,2023-Q2,0–5,39,58,67.24137931034483,False
TX,2023-Q2,13–17,34,46,73.91304347826086,False
TX,2023-Q2,6–12,47,62,75.80645161290323,False
TX,2023-Q3,0–5,75,99,75.75757575757575,False
TX,2023-Q3,13–17,60,69,86.95652173913044,False
TX,2023-Q3,6–12,73,103,70.87378640776699,False
TX,2023-Q4,0–5,88,118,74.57627118644068,False
TX,2023-Q4,13–17,80,102,78.43137254901961,False
TX,2023-Q4,6–12,105,141,74.46808510638297,False
TX,2024-Q1,0–5,118,152,77.63157894736842,False
TX,2024-Q1,13–17,108,127,85.03937007874016,False
TX,2024-Q1,6–12,103,138,74.63768115942028,False
TX,2024-Q2,0–5,144,175,82.28571428571428,False
TX,2024-Q2,13–17,99,123,80.48780487804879,False
TX,2024-Q2,6–12,125,161,77.63975155279503,False
TX,2024-Q3,0–5,149,188,79.25531914893617,False
TX,2024-Q3,13–17,96,123,78.04878048780488,False
TX,2024-Q3,6–12,148,178,83.14606741573034,False
TX,2024-Q4,0–5,151,196,77.04081632653062,False
TX,2024-Q4,13–17,96,134,71.64179104477611,False
TX,2024-Q4,6–12,147,183,80.32786885245902,False
TX,2025-Q1,0–5,165,201,82.08955223880598,False
TX,2025-Q1,13–17,104,124,83.87096774193549,False
TX,2025-Q1,6–12,146,183,79.78142076502732,False
TX,2025-Q2,0–5,161,191,84.29319371727748,False
TX,2025-Q2,13–17,100,130,76.92307692307693,False
TX,2025-Q2,6–12,143,176,81.25,False
TX,2025-Q3,0–5,159,191,83.24607329842932,False
TX,2025-Q3,13–17,86,113,76.10619469026548,False
TX,2025-Q3,6–12,146,177,82.48587570621469,False
TX,2025-Q4,0–5,132,164,80.48780487804879,False
TX,2025-Q4,13–17,76,95,80.0,False
TX,2025-Q4,6–12,141,175,80.57142857142857,False
