state,quarter,submitted_numerator,submitted_denominator,submitted_rate
KS,2023-Q1,26,34,76.47
KS,2023-Q2,103,147,70.07
KS,2023-Q3,167,228,73.25
KS,2023-Q4,212,292,72.6
KS,2024-Q1,279,392,71.17
KS,2024-Q2,349,457,76.37
KS,2024-Q3,373,504,74.01
KS,2024-Q4,393,517,76.02
KS,2025-Q1,405,462,87.66
KS,2025-Q2,369,468,78.85
KS,2025-Q3,358,449,79.73
KS,2025-Q4,322,409,78.73
MI,2023-Q1,22,33,66.67
MI,2023-Q2,115,147,78.23
MI,2023-Q3,174,220,79.09
MI,2023-Q4,214,292,73.29
MI,2024-Q1,281,348,80.75
MI,2024-Q2,357,431,82.83
MI,2024-Q3,364,449,81.07
MI,2024-Q4,338,441,76.64
MI,2025-Q1,376,418,89.95
MI,2025-Q2,378,466,81.12
MI,2025-Q3,362,428,84.58
MI,2025-Q4,326,390,83.59
NM,2023-Q1,35,52,67.31
NM,2023-Q2,125,194,64.43
NM,2023-Q3,188,271,69.37
NM,2023-Q4,245,332,73.8
NM,2024-Q1,276,383,72.06
NM,2024-Q2,326,442,73.76
NM,2024-Q3,339,474,71.52
NM,2024-Q4,350,484,72.31
NM,2025-Q1,345,459,75.16
NM,2025-Q2,354,470,75.32
NM,2025-Q3,355,473,75.05
NM,2025-Q4,339,437,77.57
TX,2023-Q1,42,48,87.5
TX,2023-Q2,120,166,72.29
TX,2023-Q3,208,271,76.75
TX,2023-Q4,273,361,75.62
TX,2024-Q1,329,417,78.9
TX,2024-Q2,368,459,80.17
TX,2024-Q3,393,489,81.37
TX,2024-Q4,394,513,76.8
TX,2025-Q1,415,508,81.69
TX,2025-Q2,404,497,81.29
TX,2025-Q3,391,481,81.29
TX,2025-Q4,349,434,80.41
